rank_representatives,feature,rank_discriminability,score_min,rank_temporal_stability,temporal_stability_score,rank_site_persistence,site_persistence_score,cluster_id,cluster_size,cluster_members,min_similarity_to_cluster,dtp_min,dtp_geometric_mean,dtp_arithmetic_mean,dtp_balance_gap,rank_within_cluster,is_cluster_representative,pareto_front
1,cumul_interp_out_diffs_p90,58,0.8092175777063236,44,0.765273311897106,11,0.8287781350482315,2,24,burst_histogram_2|cumul_interp_out_auc|cumul_interp_out_diffs_mean|cumul_interp_out_diffs_median|cumul_interp_out_diffs_p25|cumul_interp_out_diffs_p50|cumul_interp_out_diffs_p75|cumul_interp_out_diffs_p90|cumul_interp_out_last|cumul_interp_out_max|cumul_interp_out_mean|cumul_interp_out_slope|cumul_interp_out_std|cumul_out_auc|cumul_out_last|cumul_out_max|cumul_out_mean|cumul_out_std|ngrams_2_top3_count|ngrams_3_top2_count|ngrams_3_top3_count|ngrams_4_top2_count|ngrams_4_top3_count|total_out,0.970163102438176,0.765273311897106,0.8006451065095985,0.801089674883887,0.06350482315112549,1,True,1
2,ngrams_4_sparsity,26,0.9040728831725616,48,0.7518756698821006,18,0.7986334405144695,1,43,cumul_in_auc|cumul_in_last|cumul_in_len|cumul_in_max|cumul_in_mean|cumul_in_slope_norm|cumul_in_std|cumul_interp_in_auc|cumul_interp_in_diffs_mean|cumul_interp_in_diffs_median|cumul_interp_in_diffs_p25|cumul_interp_in_diffs_p50|cumul_interp_in_diffs_p75|cumul_interp_in_diffs_p90|cumul_interp_in_last|cumul_interp_in_max|cumul_interp_in_mean|cumul_interp_in_slope|cumul_interp_in_std|cumul_out_len|ngrams_2_mean_count|ngrams_2_possible_windows|ngrams_2_sparsity|ngrams_2_total_occurrences|ngrams_3_mean_count|ngrams_3_possible_windows|ngrams_3_sparsity|ngrams_3_total_occurrences|ngrams_4_mean_count|ngrams_4_possible_windows|ngrams_4_sparsity|ngrams_4_total_occurrences|pps_w10_total_packets|pps_w1_total_packets|pps_w2_total_packets|pps_w5_total_packets|sizes_hist_1_500|sizes_hist_gt1500|sizes_sum|spectral_energy_high|spectral_energy_low|spectral_energy_mid|total_in,0.9764678085889886,0.7518756698821006,0.8157661028063501,0.8181939978563774,0.152197213290461,1,True,1
3,pps_w10_mean,77,0.7320471596998929,36,0.819935691318328,100,0.6720257234726688,7,5,iat_mean|pps_w10_mean|pps_w1_mean|pps_w2_mean|pps_w5_mean,0.9613242088912076,0.6720257234726688,0.7388703675148164,0.7413361914969633,0.14790996784565924,1,True,1
4,ngrams_2_min_count,100,0.6516613076098606,87,0.654876741693462,3,0.8866559485530547,28,2,ngrams_2_min_count|ngrams_2_top4_count,0.9999993806010194,0.6516613076098606,0.7232895847426027,0.7310646659521257,0.2349946409431941,1,True,1
5,tam_5s_out_mean,102,0.6420150053590569,31,0.8628081457663451,101,0.6704180064308682,6,6,mean_time_between_bursts|tam_1s_out_mean|tam_2s_out_mean|tam_3s_out_mean|tam_4s_out_mean|tam_5s_out_mean,0.9642467195528868,0.6420150053590569,0.7187894517154663,0.72508038585209,0.22079314040728826,1,True,1
6,sizes_hist_1001_1500,119,0.6023579849946409,38,0.8038585209003215,12,0.8271704180064309,124,1,sizes_hist_1001_1500,1.0,0.6023579849946409,0.7371283173767785,0.7444623079671312,0.22481243301179,1,True,1
7,ngrams_3_min_count,126,0.5884244372990354,112,0.6120042872454449,1,0.8963022508038585,30,2,ngrams_3_min_count|ngrams_4_min_count,0.9542813647022028,0.5884244372990354,0.6859617254313176,0.698910325116113,0.30787781350482313,1,True,1
8,sizes_hist_501_1000,150,0.5166130760986066,29,0.8788853161843515,7,0.8737942122186495,125,1,sizes_hist_501_1000,1.0,0.5166130760986066,0.7347996187270248,0.7564308681672025,0.3622722400857449,1,True,1
9,cumul_interp_in_pct_increasing,166,0.4512325830653805,14,0.9480171489817792,151,0.5369774919614148,76,1,cumul_interp_in_pct_increasing,1.0,0.4512325830653805,0.6124315784895289,0.6454090746695248,0.49678456591639875,1,True,1
10,sizes_median,121,0.5959271168274384,19,0.935155412647374,184,0.4340836012861736,41,2,sizes_median|sizes_p50,1.0,0.4340836012861736,0.6230890317061925,0.6550553769203287,0.5010718113612004,1,True,1
11,burst_size_p90,279,0.1146838156484458,12,0.95016077170418,230,0.2813504823151125,69,1,burst_size_p90,1.0,0.1146838156484458,0.3129793118836742,0.4487316898892461,0.8354769560557342,1,True,1
12,burst_durations_prop_gt_5s,280,0.1103965702036441,10,0.9533762057877814,226,0.2813504823151125,60,1,burst_durations_prop_gt_5s,1.0,0.1103965702036441,0.30937782685507026,0.44837441943551265,0.8429796355841372,1,True,1
13,cumul_interp_out_min,285,0.097534833869239,5,0.9640943193997856,236,0.2813504823151125,77,1,cumul_interp_out_min,1.0,0.097534833869239,0.29797213004150397,0.4476598785280457,0.8665594855305466,1,True,1
14,cumul_interp_in_min,287,0.0932475884244373,4,0.9683815648445874,235,0.2813504823151125,75,1,cumul_interp_in_min,1.0,0.0932475884244373,0.29397513287618976,0.44765987852804573,0.8751339764201501,1,True,1
15,sizes_min,305,0.0235798499464094,2,0.972668810289389,249,0.2813504823151125,129,1,sizes_min,1.0,0.0235798499464094,0.1861735144003755,0.42586638085030365,0.9490889603429796,1,True,1
16,burst_size_p25,309,0.010182207931404,1,0.9758842443729904,227,0.2813504823151125,66,1,burst_size_p25,1.0,0.010182207931404,0.14087350190238007,0.42247231153983567,0.9657020364415864,1,True,1
17,cumul_out_slope_norm,32,0.8831725616291534,52,0.7406216505894964,62,0.7339228295819936,4,10,cumul_out_slope_norm|ngrams_2_max_count|ngrams_2_std_count|ngrams_2_top1_count|ngrams_3_max_count|ngrams_3_std_count|ngrams_3_top1_count|ngrams_4_max_count|ngrams_4_std_count|ngrams_4_top1_count,0.9797012079749128,0.7339228295819936,0.7830042564654195,0.7859056806002145,0.14924973204715974,1,True,2
18,global_packet_count_90,117,0.6034297963558414,32,0.8595927116827439,126,0.5964630225080386,87,1,global_packet_count_90,1.0,0.5964630225080386,0.6763440392456304,0.6864951768488746,0.26312968917470525,1,True,2
19,transition_m1_to_m1,135,0.5562700964630225,127,0.587352625937835,2,0.8954983922829582,147,1,transition_m1_to_m1,1.0,0.5562700964630225,0.6638701573429797,0.6797070382279387,0.33922829581993574,1,True,2
20,ngrams_3_top5_count,109,0.6195069667738479,151,0.5530546623794212,8,0.8488745980707395,108,1,ngrams_3_top5_count,1.0,0.5530546623794212,0.6625509232068262,0.6738120757413362,0.29581993569131826,1,True,2
21,max_burst_out,194,0.3579849946409432,92,0.642550911039657,54,0.7455787781350482,99,1,max_burst_out,1.0,0.3579849946409432,0.5555911273681039,0.5820382279385495,0.38759378349410506,1,True,2
22,max_burst_in,197,0.3515541264737407,120,0.5953912111468381,21,0.7962218649517685,98,1,max_burst_in,1.0,0.3515541264737407,0.5503127475459274,0.5810557341907824,0.4446677384780278,1,True,2
23,ngrams_4_unique,226,0.270096463022508,21,0.9319399785637726,210,0.3255627009646302,116,1,ngrams_4_unique,1.0,0.270096463022508,0.4343573359796608,0.509199714183637,0.6618435155412646,1,True,2
24,cumul_interp_out_pct_increasing,236,0.2304394426580921,28,0.9190782422293676,156,0.5337620578778135,78,1,cumul_interp_out_pct_increasing,1.0,0.2304394426580921,0.483525073979719,0.5610932475884244,0.6886387995712755,1,True,2
25,cumul_in_min,288,0.0911039657020364,3,0.9683815648445874,234,0.2813504823151125,74,1,cumul_in_min,1.0,0.0911039657020364,0.29170496403119966,0.44694533762057875,0.877277599142551,1,True,2
26,burst_histogram_1,55,0.8145766345123259,93,0.6409431939978564,98,0.6736334405144695,5,9,burst_count|burst_durations_count|burst_histogram_1|ngrams_2_top2_count|num_bursts_in|num_bursts_out|ratio_pkts_firstN_bursts_total|transition_m1_to_p1|transition_p1_to_m1,0.95811015368323,0.6409431939978564,0.7058705166931014,0.7097177563415507,0.1736334405144695,1,True,3
27,tam_5s_in_max,99,0.6591639871382636,54,0.7245444801714899,121,0.6061093247588425,11,4,pps_w5_max|pps_w5_std|tam_5s_in_max|tam_5s_in_std,0.9506902038175904,0.6061093247588425,0.6615101261309776,0.6632725973561987,0.11843515541264737,1,True,3
28,cumul_interp_out_diffs_std,138,0.5530546623794211,144,0.5643086816720256,6,0.8762057877813504,25,2,cumul_interp_in_diffs_std|cumul_interp_out_diffs_std,0.9999999922347662,0.5530546623794211,0.6490781192322757,0.6645230439442656,0.32315112540192925,1,True,3
29,pps_w10_max,76,0.7427652733118971,69,0.7052518756698821,149,0.545016077170418,118,1,pps_w10_max,1.0,0.545016077170418,0.6584685720503747,0.6643444087173991,0.19774919614147912,1,True,3
30,ngrams_4_topk_cumfrac,161,0.4683815648445873,37,0.8188638799571276,168,0.5088424437299035,115,1,ngrams_4_topk_cumfrac,1.0,0.4683815648445873,0.5800493519287954,0.5986959628438728,0.3504823151125403,1,True,3
31,pps_w1_burst_count,171,0.4448017148981779,142,0.5696677384780279,25,0.7841639871382636,37,2,pps_w1_burst_count|pps_w2_burst_count,0.9634219363997094,0.4448017148981779,0.5835324211037354,0.5995444801714899,0.33936227224008575,1,True,3
32,ngrams_3_top4_count,116,0.6045016077170419,228,0.3097534833869239,86,0.6872990353697749,33,2,ngrams_3_top4_count|ngrams_4_top4_count,0.97505144249793,0.3097534833869239,0.5048780206507693,0.5338513754912468,0.377545551982851,1,True,3
33,cumul_in_diffs_median,278,0.1157556270096463,26,0.9244372990353696,231,0.2813504823151125,71,1,cumul_in_diffs_median,1.0,0.1157556270096463,0.31109216875286416,0.4405144694533762,0.8086816720257234,1,True,3
34,cumul_out_diffs_p50,284,0.1018220793140407,23,0.9287245444801716,238,0.2813504823151125,80,1,cumul_out_diffs_p50,1.0,0.1018220793140407,0.2985328884217549,0.43729903536977494,0.8269024651661309,1,True,3
35,cumul_out_min,290,0.0873526259378349,6,0.9640943193997856,241,0.2813504823151125,83,1,cumul_out_min,1.0,0.0873526259378349,0.2872198058562001,0.4442658092175777,0.8767416934619507,1,True,3
36,tam_4s_in_max,104,0.6387995712754555,124,0.5937834941050375,113,0.6278135048231511,44,2,tam_4s_in_max|tam_4s_in_std,0.989257134361626,0.5937834941050375,0.6198326704248042,0.6201321900678813,0.045016077170418,1,True,4
37,iat_mean_in,128,0.5873526259378349,91,0.6463022508038586,141,0.5570739549839229,89,1,iat_mean_in,1.0,0.5570739549839229,0.5957752795753128,0.5969096105752055,0.08922829581993574,1,True,4
38,burst_histogram_6_10,156,0.4823151125401929,163,0.510182207931404,88,0.682475884244373,63,1,burst_histogram_6_10,1.0,0.4823151125401929,0.5517146247355159,0.55832440157199,0.20016077170418012,1,True,4
39,tam_4s_in_mean,86,0.692390139335477,185,0.4405144694533762,114,0.6270096463022508,8,5,tam_1s_in_mean|tam_2s_in_mean|tam_3s_in_mean|tam_4s_in_mean|tam_5s_in_mean,0.9790146599908168,0.4405144694533762,0.5761405261620889,0.586638085030368,0.2518756698821008,1,True,4
40,burst_histogram_3_5,143,0.5380493033226151,193,0.4212218649517685,81,0.6961414790996785,62,1,burst_histogram_3_5,1.0,0.4212218649517685,0.5403520837428445,0.551804215791354,0.27491961414791,1,True,4
41,transition_p1_to_p1,108,0.6216505894962486,217,0.3622722400857449,111,0.65032154340836,148,1,transition_p1_to_p1,1.0,0.3622722400857449,0.5271123389318759,0.5447481243301179,0.28804930332261514,1,True,4
42,ngrams_3_top5_frac,176,0.4244372990353697,55,0.7202572347266881,202,0.3536977491961415,109,1,ngrams_3_top5_frac,1.0,0.3536977491961415,0.4764066582445451,0.49946409431939975,0.3665594855305466,1,True,4
43,burst_durations_sum,203,0.3322615219721329,201,0.4083601286173633,59,0.7403536977491961,61,1,burst_durations_sum,1.0,0.3322615219721329,0.46485860787886263,0.49365844944623083,0.40809217577706325,1,True,4
44,cumul_interp_in_skew,218,0.2818863879957127,42,0.7706323687031084,207,0.3295819935691318,10,4,cumul_in_skew|cumul_interp_in_skew|cumul_interp_out_skew|cumul_out_skew,0.9719473005942428,0.2818863879957127,0.41523594624961707,0.4607002500893176,0.48874598070739567,1,True,4
45,burst_max,209,0.3054662379421222,241,0.2502679528403,26,0.77532154340836,65,1,burst_max,1.0,0.2502679528403,0.38989718801369266,0.4436852447302608,0.52505359056806,1,True,4
46,DoA,167,0.4485530546623794,249,0.2315112540192926,28,0.772508038585209,14,4,DoA|duration|times_duration|times_max,1.0,0.2315112540192926,0.4312836335645948,0.4841907824222937,0.5409967845659164,1,True,4
47,cumul_in_diffs_p50,282,0.1071811361200428,27,0.9244372990353696,233,0.2813504823151125,73,1,cumul_in_diffs_p50,1.0,0.1071811361200428,0.3032130065508283,0.43765630582350834,0.8172561629153269,1,True,4
48,cumul_out_diffs_median,286,0.0937834941050375,22,0.9287245444801716,237,0.2813504823151125,79,1,cumul_out_diffs_median,1.0,0.0937834941050375,0.2904604453158289,0.4346195069667738,0.8349410503751341,1,True,4
49,cumul_out_diffs_p75,293,0.0739549839228295,16,0.9437299035369776,239,0.2813504823151125,81,1,cumul_out_diffs_p75,1.0,0.0739549839228295,0.2697869525760261,0.4330117899249732,0.8697749196141481,1,True,4
50,cumul_out_diffs_p90,302,0.0530546623794212,13,0.9480171489817792,240,0.2813504823151125,82,1,cumul_out_diffs_p90,1.0,0.0530546623794212,0.24187768549324196,0.42747409789210433,0.894962486602358,1,True,4
51,ngrams_3_unique,306,0.0144694533762057,9,0.955519828510182,246,0.2813504823151125,111,1,ngrams_3_unique,1.0,0.0144694533762057,0.15727022115719944,0.4171132547338334,0.9410503751339763,1,True,4
52,burst_durations_p25,307,0.010182207931404,7,0.9619506966773848,224,0.2813504823151125,55,1,burst_durations_p25,1.0,0.010182207931404,0.14019982762904337,0.4178277956413004,0.9517684887459807,1,True,4
53,tam_5s_out_max,107,0.6259378349410504,154,0.542336548767417,129,0.5924437299035369,46,2,tam_5s_out_max|tam_5s_out_std,0.9894966510819506,0.542336548767417,0.585889517679805,0.5869060378706682,0.08360128617363338,1,True,5
54,tam_2s_in_std,134,0.5584137191854234,212,0.3804930332261522,127,0.5940514469453376,12,4,tam_1s_in_max|tam_1s_in_std|tam_2s_in_max|tam_2s_in_std,0.9514343443887574,0.3804930332261522,0.5016208914352487,0.5109860664523044,0.21355841371918544,1,True,5
55,ratio_out_bursts_total,188,0.3692390139335477,149,0.5541264737406216,165,0.5168810289389068,19,3,ratio_in_bursts_total|ratio_out_bursts_total|ratio_out_in_bursts,1.0,0.3692390139335477,0.472899685080684,0.48008217220435867,0.18488745980707394,1,True,5
56,cumul_interp_in_slope_norm,198,0.3504823151125402,179,0.4705251875669882,108,0.659967845659164,26,2,cumul_interp_in_slope_norm|cumul_interp_out_slope_norm,0.9755490459466896,0.3504823151125402,0.4774456278812686,0.49365844944623083,0.3094855305466238,1,True,5
57,cumul_interp_in_kurtosis,208,0.307609860664523,118,0.6012861736334405,174,0.4927652733118971,9,4,cumul_in_kurtosis|cumul_interp_in_kurtosis|cumul_interp_out_kurtosis|cumul_out_kurtosis,0.9654861614793624,0.307609860664523,0.4500290215674993,0.4672204358699535,0.2936763129689175,1,True,5
58,iat_std_out,177,0.4244372990353697,247,0.2368703108252947,118,0.6197749196141479,96,1,iat_std_out,1.0,0.2368703108252947,0.3964478405602989,0.4270275098249374,0.3829046087888532,1,True,5
59,burst_std,266,0.1832797427652733,232,0.2743837084673097,103,0.6655948553054662,70,1,burst_std,1.0,0.1832797427652733,0.32227571570187163,0.3744194355126831,0.48231511254019294,1,True,5
60,iat_var,142,0.5391211146838156,272,0.1629153269024651,116,0.6221864951768489,97,1,iat_var,1.0,0.1629153269024651,0.3794806378955773,0.44140764558770984,0.45927116827438375,1,True,5
61,iat_min,232,0.2443729903536977,105,0.6296891747052519,307,0.1410771704180064,91,1,iat_min,1.0,0.1410771704180064,0.27896221985433434,0.33837977849231865,0.4886120042872455,1,True,5
62,pps_w10_burst_count,193,0.3590568060021437,119,0.5964630225080386,309,0.1008842443729903,117,1,pps_w10_burst_count,1.0,0.1008842443729903,0.27852018687232,0.3521346909610575,0.4955787781350483,1,True,5
63,time_to_first_response,291,0.0836012861736334,53,0.7320471596998929,276,0.202572347266881,145,1,time_to_first_response,1.0,0.0836012861736334,0.23144300516922164,0.3394069310468024,0.6484458735262595,1,True,5
64,burst_size_p50,294,0.0718113612004287,18,0.940514469453376,228,0.2813504823151125,67,1,burst_size_p50,1.0,0.0718113612004287,0.26685095913420165,0.4312254376563058,0.8687031082529473,1,True,5
65,cumul_in_diffs_p25,299,0.0637727759914255,17,0.9415862808145766,232,0.2813504823151125,72,1,cumul_in_diffs_p25,1.0,0.0637727759914255,0.2565947123898167,0.4289031797070382,0.8778135048231511,1,True,5
66,ngrams_2_unique,308,0.010182207931404,8,0.957663451232583,245,0.2813504823151125,106,1,ngrams_2_unique,1.0,0.010182207931404,0.13999123542568603,0.4163987138263665,0.947481243301179,1,True,5
67,tam_3s_in_max,112,0.6162915326902465,159,0.5294748124330119,132,0.582797427652733,42,2,tam_3s_in_max|tam_3s_in_std,0.9873518285545676,0.5294748124330119,0.575064260300598,0.5761879242586638,0.08681672025723464,1,True,6
68,burst_durations_kurtosis,164,0.4523043944265809,155,0.5380493033226151,170,0.5056270096463023,21,2,burst_durations_kurtosis|burst_durations_skew,0.9963896440416016,0.4523043944265809,0.49738694479297374,0.49866023579849944,0.08574490889603426,1,True,6
69,burst_durations_longest_ratio,231,0.2518756698821007,198,0.4147909967845659,123,0.6053054662379421,50,1,burst_durations_longest_ratio,1.0,0.2518756698821007,0.39840982995005775,0.42399071096820284,0.35342979635584143,1,True,6
70,last30_out_in_ratio,259,0.195069667738478,153,0.5444801714898178,296,0.1688102893890675,18,3,last30_in_total_ratio|last30_out_in_ratio|last30_out_total_ratio,1.0,0.1688102893890675,0.26173205137731587,0.30278670953912107,0.37566988210075025,1,True,6
71,burst_durations_median,296,0.067524115755627,24,0.92550911039657,222,0.2813504823151125,53,1,burst_durations_median,1.0,0.067524115755627,0.26003337291351714,0.42479456948910316,0.857984994640943,1,True,6
72,sizes_p25,310,0.0091103965702036,15,0.944801714898178,250,0.2813504823151125,130,1,sizes_p25,1.0,0.0091103965702036,0.1342894431448849,0.41175419792783136,0.9356913183279744,1,True,6
73,burst_durations_min,311,0.0080385852090032,11,0.952304394426581,223,0.2813504823151125,54,1,burst_durations_min,1.0,0.0080385852090032,0.12914205433146883,0.41389782065023223,0.9442658092175777,1,True,6
74,tam_4s_out_max,118,0.6034297963558414,167,0.5005359056806002,140,0.5643086816720257,45,2,tam_4s_out_max|tam_4s_out_std,0.990476526845314,0.5005359056806002,0.5544464067301104,0.5560914612361557,0.10289389067524113,1,True,7
75,concentration_25pct,114,0.6077170418006431,195,0.420150053590568,177,0.4831189710610932,24,2,bytes_first25pct|concentration_25pct,0.9886480699847472,0.420150053590568,0.4977981863860773,0.503662022150768,0.18756698821007511,1,True,7
76,burst_histogram_gt10,196,0.3558413719185423,156,0.5364415862808145,193,0.3971061093247588,64,1,burst_histogram_gt10,1.0,0.3558413719185423,0.423215744063579,0.4297963558413718,0.1806002143622722,1,True,7
77,ngrams_4_top5_count,148,0.5230439442658091,235,0.270096463022508,138,0.5715434083601285,113,1,ngrams_4_top5_count,1.0,0.270096463022508,0.43221725274576456,0.4548946052161485,0.3014469453376205,1,True,7
78,burst_durations_p50,297,0.0664523043944265,25,0.92550911039657,225,0.2813504823151125,56,1,burst_durations_p50,1.0,0.0664523043944265,0.2586501905147033,0.4244372990353697,0.8590568060021435,1,True,7
79,tam_3s_out_std,141,0.5434083601286174,169,0.4962486602357985,157,0.5297427652733119,43,2,tam_3s_out_max|tam_3s_out_std,0.988675427407293,0.4962486602357985,0.5227534395680125,0.5231332618792427,0.047159699892818874,1,True,8
80,pps_w2_std,130,0.5798499464094319,200,0.4083601286173633,166,0.5168810289389068,39,2,pps_w2_max|pps_w2_std,0.9829613345623844,0.4083601286173633,0.4964968703564912,0.501697034655234,0.17148981779206857,1,True,8
81,iat_size_p90,129,0.5852090032154341,227,0.3236870310825294,197,0.3737942122186495,94,1,iat_size_p90,1.0,0.3236870310825294,0.41370390813998703,0.42756341550553767,0.26152197213290473,1,True,8
82,global_packet_count_75,123,0.592711682743837,248,0.2347266881028938,154,0.5361736334405145,86,1,global_packet_count_75,1.0,0.2347266881028938,0.4209564200775236,0.4545373347624151,0.35798499464094324,1,True,8
83,sizes_max,271,0.1618435155412647,161,0.5171489817792069,248,0.2813504823151125,127,1,sizes_max,1.0,0.1618435155412647,0.28662861632226777,0.32011432654519467,0.3553054662379422,1,True,8
84,burst_size_p75,298,0.0653804930332261,39,0.8011789924973205,229,0.2813504823151125,68,1,burst_size_p75,1.0,0.0653804930332261,0.2451744084783556,0.382636655948553,0.7357984994640944,1,True,8
85,iat_mean_out,155,0.4887459807073955,175,0.4866023579849945,160,0.5265273311897106,90,1,iat_mean_out,1.0,0.4866023579849945,0.5002949386007531,0.5006252232940335,0.03992497320471611,1,True,9
86,tam_2s_out_std,147,0.52518756698821,194,0.420150053590568,178,0.4654340836012862,13,4,tam_1s_out_max|tam_1s_out_std|tam_2s_out_max|tam_2s_out_std,0.9560342432349264,0.420150053590568,0.468301642464015,0.47025723472668807,0.105037513397642,1,True,9
87,pps_w1_std,140,0.5487674169346195,222,0.3461950696677385,175,0.4863344051446945,38,2,pps_w1_max|pps_w1_std,0.97523547869009,0.3461950696677385,0.4520794126400891,0.4604322972490175,0.202572347266881,1,True,9
88,iat_size_p75,125,0.5894962486602359,268,0.1693461950696677,219,0.2982315112540192,93,1,iat_size_p75,1.0,0.1693461950696677,0.3099345600568939,0.35235798499464094,0.4201500535905682,1,True,9
89,pps_w1_min,301,0.0546623794212218,138,0.5760986066452304,247,0.2813504823151125,121,1,pps_w1_min,1.0,0.0546623794212218,0.20692406765652896,0.30403715612718824,0.5214362272240086,1,True,9
90,tam_1s_in_min,303,0.052518756698821,81,0.6736334405144695,252,0.2813504823151125,135,1,tam_1s_in_min,1.0,0.052518756698821,0.215110650133949,0.33583422650946765,0.6211146838156485,1,True,9
91,tam_1s_out_min,304,0.0466237942122186,40,0.7818863879957126,253,0.2813504823151125,136,1,tam_1s_out_min,1.0,0.0466237942122186,0.21726993939993539,0.3699535548410146,0.735262593783494,1,True,9
92,pps_w10_std,154,0.4887459807073955,191,0.4244372990353697,188,0.4188102893890675,120,1,pps_w10_std,1.0,0.4188102893890675,0.4428989948672533,0.44399785637727757,0.069935691318328,1,True,10
93,ngrams_3_topk_cumfrac,159,0.4737406216505895,181,0.4480171489817792,190,0.4155948553054662,110,1,ngrams_3_topk_cumfrac,1.0,0.4155948553054662,0.4451453168989097,0.445784208645945,0.058145766345123306,1,True,10
94,ngrams_2_entropy,181,0.397642015005359,205,0.3912111468381565,171,0.5040192926045016,102,1,ngrams_2_entropy,1.0,0.3912111468381565,0.42800635328344194,0.43095748481600565,0.11280814576634512,1,True,10
95,first30_in_total_ratio,292,0.0739549839228295,176,0.4839228295819935,242,0.2813504823151125,17,3,first30_in_total_ratio|first30_out_in_ratio|first30_out_total_ratio,1.0,0.0739549839228295,0.2159386626109457,0.2797427652733118,0.409967845659164,1,True,10
96,ngrams_3_entropy,185,0.3858520900321543,211,0.3815648445873525,199,0.3585209003215434,29,2,ngrams_3_entropy|ngrams_4_entropy,0.9833585575193496,0.3585209003215434,0.3751179933548014,0.3753126116470167,0.027331189710610937,1,True,11
97,burst_durations_mean,206,0.3269024651661307,218,0.3612004287245445,176,0.4847266881028939,52,1,burst_durations_mean,1.0,0.3269024651661307,0.385378777595371,0.3909431939978563,0.15782422293676318,1,True,11
98,ngrams_2_top4_frac,173,0.4297963558413719,229,0.2979635584137192,191,0.409967845659164,105,1,ngrams_2_top4_frac,1.0,0.2979635584137192,0.3744483250367288,0.379242586638085,0.1318327974276527,1,True,11
99,sizes_p75,215,0.2915326902465165,207,0.3896034297963558,198,0.3721864951768489,131,1,sizes_p75,1.0,0.2915326902465165,0.34835620241303505,0.35110753840657366,0.0980707395498393,1,True,11
100,mean_burst_size_in,201,0.3344051446945337,233,0.2722400857449089,180,0.4630225080385852,100,1,mean_burst_size_in,1.0,0.2722400857449089,0.34802387804491736,0.35655591282600924,0.1907824222936763,1,True,11
101,sizes_skew,184,0.3858520900321543,208,0.3858520900321543,257,0.2717041800643087,133,1,sizes_skew,1.0,0.2717041800643087,0.343278031670863,0.34780278670953907,0.11414790996784563,1,True,11
102,iat_std_in,190,0.3665594855305465,238,0.2615219721329045,189,0.4180064308681672,95,1,iat_std_in,1.0,0.2615219721329045,0.3421988423974862,0.3486959628438728,0.15648445873526268,1,True,11
103,burst_durations_prop_gt_2s,250,0.2047159699892818,197,0.417470525187567,201,0.357717041800643,59,1,burst_durations_prop_gt_2s,1.0,0.2047159699892818,0.31268404687873785,0.3266345123258306,0.2127545551982852,1,True,11
104,times_mean,191,0.3644158628081457,262,0.1897106109324758,172,0.5032154340836013,47,2,times_mean|times_median,0.9657317645535614,0.1897106109324758,0.32644820347864434,0.3524473026080743,0.3135048231511255,1,True,11
105,concentration_10pct,157,0.480171489817792,264,0.187566988210075,200,0.357717041800643,23,2,bytes_first10pct|concentration_10pct,0.9797891945618896,0.187566988210075,0.31819801685080185,0.34181850660950336,0.292604501607717,1,True,11
106,sizes_p90,276,0.1339764201500536,186,0.4346195069667738,251,0.2813504823151125,132,1,sizes_p90,1.0,0.1339764201500536,0.25397740569315524,0.28331546981064665,0.30064308681672025,1,True,11
107,packets_last25pct,186,0.3794212218649518,225,0.337620578778135,211,0.3191318327974276,36,2,bytes_last25pct|packets_last25pct,0.9981307352441372,0.3191318327974276,0.3444875664428824,0.3453912111468381,0.060289389067524235,1,True,12
108,burst_durations_cv,216,0.2883172561629153,214,0.3719185423365487,220,0.2885852090032154,48,1,burst_durations_cv,1.0,0.2883172561629153,0.313952668304749,0.3162736691675598,0.08360128617363338,1,True,12
109,sizes_mean,174,0.4297963558413719,239,0.2615219721329045,205,0.3424437299035369,128,1,sizes_mean,1.0,0.2615219721329045,0.33763959972522406,0.34458735262593776,0.16827438370846737,1,True,12
110,burst_durations_std,230,0.2566988210075027,231,0.2781350482315112,187,0.4208199356913183,22,2,burst_durations_std|burst_durations_var,1.0,0.2566988210075027,0.3108794150106817,0.31855126831011077,0.16412111468381563,1,True,12
111,sizes_std,210,0.3043944265809217,215,0.3687031082529475,263,0.2540192926045016,134,1,sizes_std,1.0,0.2540192926045016,0.30548746816222805,0.30903894247945696,0.11468381564844587,1,True,12
112,pps_w10_min,189,0.3687031082529475,219,0.3579849946409432,266,0.2443729903536977,119,1,pps_w10_min,1.0,0.2443729903536977,0.31832074437658203,0.3236870310825295,0.1243301178992498,1,True,12
113,times_std,183,0.3890675241157555,244,0.240085744908896,194,0.3938906752411575,146,1,times_std,1.0,0.240085744908896,0.3326000819194654,0.341014648088603,0.1538049303322615,1,True,12
114,burst_durations_max,257,0.1961414790996784,203,0.3944265809217577,259,0.2628617363344052,51,1,burst_durations_max,1.0,0.1961414790996784,0.2729528695545292,0.2844765987852804,0.19828510182207928,1,True,12
115,sizes_kurtosis,202,0.3333333333333333,287,0.1178992497320471,181,0.4598070739549839,126,1,sizes_kurtosis,1.0,0.1178992497320471,0.2624148925055058,0.3036798856734548,0.34190782422293675,1,True,12
116,global_packet_count_50,172,0.4308681672025723,296,0.1039657020364415,215,0.3118971061093247,85,1,global_packet_count_50,1.0,0.1039657020364415,0.24085108940471367,0.28224365844944616,0.3269024651661308,1,True,12
117,tam_2s_out_min,289,0.0911039657020364,204,0.392818863879957,254,0.2813504823151125,138,1,tam_2s_out_min,1.0,0.0911039657020364,0.2159363521057255,0.25509110396570195,0.30171489817792063,1,True,12
118,iat_size_p50,160,0.4683815648445873,305,0.0744908896034298,286,0.1816720257234726,27,2,iat_median|iat_size_p50,1.0,0.0744908896034298,0.1850675764145498,0.24151482672382993,0.3938906752411575,1,True,12
119,packets_last10pct,179,0.4180064308681672,246,0.2368703108252947,208,0.3271704180064309,35,2,bytes_last10pct|packets_last10pct,0.9914499344543528,0.2368703108252947,0.3187786355144262,0.3273490532332976,0.1811361200428725,1,True,13
120,tam_5s_out_min,243,0.2143622722400857,234,0.2706323687031082,258,0.2656752411575562,143,1,tam_5s_out_min,1.0,0.2143622722400857,0.24886265190489062,0.25022329403358334,0.0562700964630225,1,True,13
121,tam_4s_out_min,246,0.2111468381564844,255,0.2186495176848874,206,0.335209003215434,142,1,tam_4s_out_min,1.0,0.2111468381564844,0.24920089260224948,0.2550017863522686,0.1240621650589496,1,True,13
122,pps_w5_min,241,0.217577706323687,243,0.2454448017148981,278,0.20016077170418,40,2,pps_w5_min|tam_5s_in_min,0.972065950766201,0.20016077170418,0.2202837189327594,0.22106109324758838,0.045284030010718096,1,True,13
123,burst_durations_entropy,262,0.1918542336548767,223,0.3408360128617363,256,0.2733118971061093,49,1,burst_durations_entropy,1.0,0.1918542336548767,0.26145189868131113,0.2686673812075741,0.14898177920685962,1,True,13
124,burst_durations_p90,211,0.3033226152197213,280,0.1329046087888531,203,0.3528938906752412,57,1,burst_durations_p90,1.0,0.1329046087888531,0.24230534316228736,0.26304037156127186,0.21998928188638808,1,True,13
125,global_packet_count_25,205,0.3279742765273312,293,0.1093247588424437,183,0.4364951768488746,84,1,global_packet_count_25,1.0,0.1093247588424437,0.25013775823542966,0.2912647374062165,0.32717041800643093,1,True,13
126,time_to_first_big_burst,238,0.2293676312968917,256,0.217577706323687,267,0.2435691318327974,144,1,time_to_first_big_burst,1.0,0.217577706323687,0.22992679764952978,0.23017148981779204,0.025991425509110405,1,True,14
127,burst_durations_prop_gt_1s,214,0.2958199356913183,257,0.2122186495176849,217,0.3038585209003215,58,1,burst_durations_prop_gt_1s,1.0,0.2122186495176849,0.2671944715998051,0.27063236870310825,0.0916398713826366,1,True,14
128,iat_size_p25,223,0.2765273311897106,253,0.2229367631296891,284,0.1832797427652733,92,1,iat_size_p25,1.0,0.1832797427652733,0.22439408598484215,0.22758127902822434,0.09324758842443731,1,True,14
129,pps_w5_burst_count,180,0.4072883172561629,271,0.1629153269024651,274,0.2073954983922829,123,1,pps_w5_burst_count,1.0,0.1629153269024651,0.23963729438331863,0.25919971418363696,0.24437299035369778,1,True,14
130,ngrams_4_top3_frac,200,0.3354769560557342,289,0.1146838156484458,268,0.2387459807073955,32,2,ngrams_3_top3_frac|ngrams_4_top3_frac,0.9701176584829014,0.1146838156484458,0.20942746324604725,0.22963558413719184,0.22079314040728837,1,True,14
131,tam_3s_out_min,249,0.2047159699892818,263,0.1886387995712754,260,0.2568327974276527,140,1,tam_3s_out_min,1.0,0.1886387995712754,0.21485447810734848,0.21672918899606997,0.06819399785637728,1,True,15
132,ngrams_3_top2_frac,227,0.2647374062165059,265,0.1822079314040728,273,0.2090032154340836,31,2,ngrams_3_top2_frac|ngrams_4_top2_frac,0.985934345974942,0.1822079314040728,0.216028898671765,0.2186495176848874,0.08252947481243308,1,True,15
133,ngrams_4_top5_frac,267,0.180064308681672,258,0.2122186495176848,270,0.2339228295819935,114,1,ngrams_4_top5_frac,1.0,0.180064308681672,0.20753655228356552,0.20873526259378342,0.053858520900321505,1,True,15
134,ngrams_4_top1_frac,219,0.2786709539121115,267,0.172561629153269,265,0.247588424437299,112,1,ngrams_4_top1_frac,1.0,0.172561629153269,0.22834355468638562,0.2329403358342265,0.1061093247588425,1,True,15
135,transition_rate,270,0.1682743837084672,259,0.210075026795284,261,0.2564308681672026,15,3,burst_mean|ngrams_2_top2_frac|transition_rate,0.9996467816468076,0.1682743837084672,0.20850713121112882,0.21159342622365127,0.08815648445873542,1,True,15
136,ngrams_3_top1_frac,251,0.2036441586280814,270,0.165058949624866,255,0.2789389067524116,107,1,ngrams_3_top1_frac,1.0,0.165058949624866,0.21086607271678054,0.215880671668453,0.11387995712754562,1,True,15
137,tam_4s_in_min,248,0.2057877813504823,276,0.1420150053590567,221,0.2885852090032154,141,1,tam_4s_in_min,1.0,0.1420150053590567,0.20355227590852834,0.21212933190425146,0.14657020364415868,1,True,15
138,ratio_out_in,217,0.2829581993569132,284,0.1184351554126473,287,0.1784565916398713,3,13,cumul_in_diffs_mean|cumul_in_pct_increasing|cumul_in_slope|cumul_out_diffs_mean|cumul_out_pct_increasing|cumul_out_slope|pps_w10_in_out|pps_w1_in_out|pps_w2_in_out|pps_w5_in_out|ratio_in_total|ratio_out_in|ratio_out_total,0.9563126122772662,0.1184351554126473,0.18151471460870502,0.1932833154698106,0.16452304394426587,1,True,15
139,tam_3s_in_min,253,0.2004287245444801,273,0.1564844587352626,279,0.1945337620578778,139,1,tam_3s_in_min,1.0,0.1564844587352626,0.1827295228391566,0.1838156484458735,0.04394426580921751,1,True,16
140,cumul_in_diffs_std,239,0.2197213290460878,279,0.1334405144694533,280,0.1937299035369775,16,3,cumul_in_diffs_std|cumul_out_diffs_std|entropy,0.9998640534723008,0.1334405144694533,0.17842355808887275,0.18229724901750619,0.0862808145766345,1,True,16
141,ngrams_4_top4_frac,269,0.1682743837084672,286,0.1178992497320471,275,0.2033762057877813,34,2,ngrams_3_top4_frac|ngrams_4_top4_frac,0.9618313939374322,0.1178992497320471,0.1592000000843757,0.16318327974276517,0.08547695605573419,1,True,16
142,ngrams_2_top1_frac,273,0.1414790996784566,299,0.0953912111468381,271,0.2178456591639871,103,1,ngrams_2_top1_frac,1.0,0.0953912111468381,0.14325722038145122,0.15157198999642726,0.122454448017149,1,True,16
143,iat_max,264,0.187566988210075,277,0.1414790996784566,283,0.1864951768488746,88,1,iat_max,1.0,0.1414790996784566,0.17041406351868674,0.17184708824580208,0.04608788853161841,1,True,17
144,mean_burst_size_out,247,0.2068595927116827,282,0.1286173633440514,308,0.1278135048231511,101,1,mean_burst_size_out,1.0,0.1278135048231511,0.15037789589826756,0.15443015362629509,0.0790460878885316,1,True,17
145,ngrams_2_top3_frac,255,0.1982851018220793,301,0.0911039657020364,295,0.1704180064308681,104,1,ngrams_2_top3_frac,1.0,0.0911039657020364,0.14547251562656416,0.15326902465166126,0.10718113612004292,1,True,17
146,pps_w2_min,283,0.1061093247588424,300,0.092711682743837,310,0.0856109324758842,122,1,pps_w2_min,1.0,0.0856109324758842,0.09443632555345437,0.0948106466595212,0.020498392282958203,1,True,18
147,tam_2s_in_min,281,0.1093247588424437,297,0.0964630225080385,311,0.0815916398713826,137,1,tam_2s_in_min,1.0,0.0815916398713826,0.09511339531532999,0.09579314040728826,0.027733118971061108,1,True,18
148,burst_durations_p75,275,0.1387995712754555,306,0.0610932475884244,304,0.1567524115755627,20,2,burst_durations_iqr|burst_durations_p75,0.9999999999997528,0.0610932475884244,0.1099508326357444,0.11888174347981421,0.09565916398713828,1,True,18
