fold,site_label,n_queries,xgb_accuracy,fusion_accuracy,delta_accuracy,fusion_only_correct_n,xgb_only_correct_n,net_correct_n
A_EARLY_TO_MIDDLE,0,300,0.8066666666666666,0.83,0.023333333333333317,14,7,7
A_EARLY_TO_MIDDLE,10,326,0.6411042944785276,0.6042944785276073,-0.036809815950920255,3,15,-12
A_EARLY_TO_MIDDLE,102,317,0.5141955835962145,0.5488958990536278,0.034700315457413256,12,1,11
A_EARLY_TO_MIDDLE,104,327,0.6850152905198776,0.6146788990825688,-0.07033639143730885,10,33,-23
A_EARLY_TO_MIDDLE,105,243,0.8559670781893004,0.8930041152263375,0.03703703703703709,11,2,9
A_EARLY_TO_MIDDLE,106,288,0.875,0.8715277777777778,-0.00347222222222221,6,7,-1
A_EARLY_TO_MIDDLE,107,282,0.7624113475177305,0.8014184397163121,0.03900709219858156,12,1,11
A_EARLY_TO_MIDDLE,108,311,0.9614147909967846,0.9646302250803859,0.003215434083601254,1,0,1
A_EARLY_TO_MIDDLE,109,325,0.8430769230769231,0.8492307692307692,0.006153846153846176,6,4,2
A_EARLY_TO_MIDDLE,11,316,0.8512658227848101,0.870253164556962,0.01898734177215189,8,2,6
A_EARLY_TO_MIDDLE,110,209,0.8516746411483254,0.8421052631578947,-0.009569377990430672,4,6,-2
A_EARLY_TO_MIDDLE,113,327,0.8685015290519877,0.8654434250764526,-0.003058103975535187,8,9,-1
A_EARLY_TO_MIDDLE,117,321,0.6137071651090342,0.6043613707165109,-0.009345794392523366,0,3,-3
A_EARLY_TO_MIDDLE,12,328,0.7408536585365854,0.7835365853658537,0.04268292682926833,21,7,14
A_EARLY_TO_MIDDLE,14,276,0.4746376811594203,0.4601449275362319,-0.014492753623188415,12,16,-4
A_EARLY_TO_MIDDLE,18,328,0.8414634146341463,0.8628048780487805,0.021341463414634165,10,3,7
A_EARLY_TO_MIDDLE,2,327,0.926605504587156,0.9510703363914373,0.024464831804281384,8,0,8
A_EARLY_TO_MIDDLE,21,329,0.8449848024316109,0.8480243161094225,0.003039513677811634,9,8,1
A_EARLY_TO_MIDDLE,24,245,0.8122448979591836,0.8693877551020408,0.05714285714285716,16,2,14
A_EARLY_TO_MIDDLE,25,333,0.9279279279279279,0.918918918918919,-0.009009009009008917,7,10,-3
A_EARLY_TO_MIDDLE,27,332,0.8012048192771084,0.8343373493975904,0.03313253012048201,18,7,11
A_EARLY_TO_MIDDLE,28,326,0.21779141104294478,0.27300613496932513,0.055214723926380355,18,0,18
A_EARLY_TO_MIDDLE,29,329,0.25227963525835867,0.1702127659574468,-0.08206686930091187,1,28,-27
A_EARLY_TO_MIDDLE,31,272,0.9375,0.9191176470588235,-0.018382352941176516,0,5,-5
A_EARLY_TO_MIDDLE,34,315,0.8507936507936508,0.8698412698412699,0.01904761904761909,11,5,6
A_EARLY_TO_MIDDLE,35,329,0.8844984802431611,0.9300911854103343,0.045592705167173175,16,1,15
A_EARLY_TO_MIDDLE,36,323,0.9504643962848297,0.9752321981424149,0.024767801857585203,9,1,8
A_EARLY_TO_MIDDLE,37,333,0.7657657657657657,0.7597597597597597,-0.006006006006005982,14,16,-2
A_EARLY_TO_MIDDLE,39,325,0.8276923076923077,0.8338461538461538,0.006153846153846065,10,8,2
A_EARLY_TO_MIDDLE,40,323,0.7708978328173375,0.7151702786377709,-0.05572755417956654,3,21,-18
A_EARLY_TO_MIDDLE,41,253,0.8221343873517787,0.8893280632411067,0.06719367588932801,18,1,17
A_EARLY_TO_MIDDLE,42,320,0.809375,0.80625,-0.0031249999999999334,6,7,-1
A_EARLY_TO_MIDDLE,43,316,0.8860759493670886,0.8924050632911392,0.006329113924050667,4,2,2
A_EARLY_TO_MIDDLE,45,297,0.6060606060606061,0.6127946127946128,0.006734006734006703,17,15,2
A_EARLY_TO_MIDDLE,46,305,0.42295081967213116,0.21639344262295082,-0.20655737704918034,4,67,-63
A_EARLY_TO_MIDDLE,47,326,0.7392638036809815,0.7975460122699386,0.05828220858895705,23,4,19
A_EARLY_TO_MIDDLE,48,314,0.1624203821656051,0.1942675159235669,0.031847133757961804,21,11,10
A_EARLY_TO_MIDDLE,50,326,0.8773006134969326,0.8957055214723927,0.018404907975460127,12,6,6
A_EARLY_TO_MIDDLE,51,266,0.8646616541353384,0.8759398496240601,0.011278195488721776,4,1,3
A_EARLY_TO_MIDDLE,52,325,0.8615384615384616,0.8676923076923077,0.006153846153846065,8,6,2
A_EARLY_TO_MIDDLE,53,326,0.9386503067484663,0.9478527607361963,0.009202453987730008,6,3,3
A_EARLY_TO_MIDDLE,54,328,0.8963414634146342,0.8932926829268293,-0.0030487804878048808,6,7,-1
A_EARLY_TO_MIDDLE,55,321,0.8411214953271028,0.8535825545171339,0.012461059190031154,11,7,4
A_EARLY_TO_MIDDLE,57,269,0.5390334572490706,0.10037174721189591,-0.4386617100371747,3,121,-118
A_EARLY_TO_MIDDLE,6,286,0.8111888111888111,0.8181818181818182,0.006993006993007089,7,5,2
A_EARLY_TO_MIDDLE,60,332,0.7680722891566265,0.7831325301204819,0.015060240963855387,17,12,5
A_EARLY_TO_MIDDLE,61,330,0.9393939393939394,0.9606060606060606,0.021212121212121127,9,2,7
A_EARLY_TO_MIDDLE,63,331,0.8489425981873112,0.879154078549849,0.030211480362537735,16,6,10
A_EARLY_TO_MIDDLE,68,330,0.6393939393939394,0.6696969696969697,0.030303030303030276,20,10,10
A_EARLY_TO_MIDDLE,7,328,0.8689024390243902,0.9146341463414634,0.04573170731707321,16,1,15
A_EARLY_TO_MIDDLE,71,329,0.6200607902735562,0.6170212765957447,-0.003039513677811523,2,3,-1
A_EARLY_TO_MIDDLE,72,304,0.7697368421052632,0.8125,0.042763157894736836,19,6,13
A_EARLY_TO_MIDDLE,76,296,0.8344594594594594,0.8445945945945946,0.010135135135135198,10,7,3
A_EARLY_TO_MIDDLE,77,302,0.22185430463576158,0.2251655629139073,0.0033112582781457123,1,0,1
A_EARLY_TO_MIDDLE,78,334,0.3083832335329341,0.49101796407185627,0.18263473053892215,64,3,61
A_EARLY_TO_MIDDLE,80,334,0.7904191616766467,0.7305389221556886,-0.05988023952095811,7,27,-20
A_EARLY_TO_MIDDLE,81,260,0.7423076923076923,0.7423076923076923,0.0,10,10,0
A_EARLY_TO_MIDDLE,86,329,0.7082066869300911,0.7173252279635258,0.00911854103343468,3,0,3
A_EARLY_TO_MIDDLE,89,330,0.5484848484848485,0.7151515151515152,0.16666666666666674,56,1,55
A_EARLY_TO_MIDDLE,9,328,0.7378048780487805,0.823170731707317,0.08536585365853655,29,1,28
A_EARLY_TO_MIDDLE,90,318,0.8301886792452831,0.8553459119496856,0.02515723270440251,16,8,8
A_EARLY_TO_MIDDLE,92,235,0.8425531914893617,0.8638297872340426,0.021276595744680882,14,9,5
A_EARLY_TO_MIDDLE,96,330,0.6636363636363637,0.7151515151515152,0.051515151515151514,20,3,17
A_EARLY_TO_MIDDLE,97,311,0.33440514469453375,0.3408360128617363,0.006430868167202564,2,0,2
A_EARLY_TO_MIDDLE,98,326,0.9294478527607362,0.9478527607361963,0.018404907975460127,7,1,6
B_EARLY_MIDDLE_TO_LATE,0,271,0.8302583025830258,0.8302583025830258,0.0,9,9,0
B_EARLY_MIDDLE_TO_LATE,10,302,0.6887417218543046,0.7615894039735099,0.07284768211920534,36,14,22
B_EARLY_MIDDLE_TO_LATE,102,299,0.6153846153846154,0.7357859531772575,0.12040133779264206,39,3,36
B_EARLY_MIDDLE_TO_LATE,104,304,0.6611842105263158,0.625,-0.03618421052631582,19,30,-11
B_EARLY_MIDDLE_TO_LATE,105,305,0.9508196721311475,0.9737704918032787,0.022950819672131195,8,1,7
B_EARLY_MIDDLE_TO_LATE,106,282,0.900709219858156,0.9468085106382979,0.046099290780141855,14,1,13
B_EARLY_MIDDLE_TO_LATE,107,266,0.868421052631579,0.8984962406015038,0.03007518796992481,13,5,8
B_EARLY_MIDDLE_TO_LATE,108,279,0.974910394265233,0.978494623655914,0.0035842293906810374,1,0,1
B_EARLY_MIDDLE_TO_LATE,109,292,0.8458904109589042,0.9006849315068494,0.0547945205479452,16,0,16
B_EARLY_MIDDLE_TO_LATE,11,285,0.9122807017543859,0.9228070175438596,0.010526315789473717,5,2,3
B_EARLY_MIDDLE_TO_LATE,110,223,0.515695067264574,0.5112107623318386,-0.004484304932735439,1,2,-1
B_EARLY_MIDDLE_TO_LATE,113,307,0.8664495114006515,0.8794788273615635,0.013029315960911947,7,3,4
B_EARLY_MIDDLE_TO_LATE,117,305,0.6,0.6,0.0,2,2,0
B_EARLY_MIDDLE_TO_LATE,12,304,0.7335526315789473,0.7138157894736842,-0.019736842105263164,11,17,-6
B_EARLY_MIDDLE_TO_LATE,14,265,0.6075471698113207,0.6679245283018868,0.060377358490566024,21,5,16
B_EARLY_MIDDLE_TO_LATE,18,304,0.8947368421052632,0.9046052631578947,0.009868421052631526,6,3,3
B_EARLY_MIDDLE_TO_LATE,2,298,0.8993288590604027,0.9899328859060402,0.09060402684563751,27,0,27
B_EARLY_MIDDLE_TO_LATE,21,295,0.8847457627118644,0.9084745762711864,0.023728813559321993,9,2,7
B_EARLY_MIDDLE_TO_LATE,24,244,0.860655737704918,0.8770491803278688,0.016393442622950838,8,4,4
B_EARLY_MIDDLE_TO_LATE,25,304,0.9177631578947368,0.9342105263157895,0.016447368421052655,9,4,5
B_EARLY_MIDDLE_TO_LATE,27,303,0.0594059405940594,0.09570957095709572,0.03630363036303631,15,4,11
B_EARLY_MIDDLE_TO_LATE,28,294,0.9693877551020408,0.9863945578231292,0.017006802721088454,5,0,5
B_EARLY_MIDDLE_TO_LATE,29,305,0.5868852459016394,0.5606557377049181,-0.02622950819672132,13,21,-8
B_EARLY_MIDDLE_TO_LATE,31,269,0.9182156133828996,0.9479553903345725,0.029739776951672958,10,2,8
B_EARLY_MIDDLE_TO_LATE,34,290,0.8862068965517241,0.9517241379310345,0.06551724137931036,20,1,19
B_EARLY_MIDDLE_TO_LATE,35,298,0.9228187919463087,0.9395973154362416,0.016778523489932917,6,1,5
B_EARLY_MIDDLE_TO_LATE,36,299,0.8929765886287625,0.919732441471572,0.026755852842809458,10,2,8
B_EARLY_MIDDLE_TO_LATE,37,304,0.7861842105263158,0.8026315789473685,0.016447368421052655,15,10,5
B_EARLY_MIDDLE_TO_LATE,39,298,0.8557046979865772,0.87248322147651,0.016778523489932806,11,6,5
B_EARLY_MIDDLE_TO_LATE,40,300,0.83,0.8633333333333333,0.033333333333333326,14,4,10
B_EARLY_MIDDLE_TO_LATE,41,239,0.9372384937238494,0.9372384937238494,0.0,3,3,0
B_EARLY_MIDDLE_TO_LATE,42,270,0.8555555555555555,0.9074074074074074,0.05185185185185193,19,5,14
B_EARLY_MIDDLE_TO_LATE,43,286,0.8601398601398601,0.8741258741258742,0.013986013986014068,10,6,4
B_EARLY_MIDDLE_TO_LATE,45,270,0.6296296296296297,0.7148148148148148,0.08518518518518514,32,9,23
B_EARLY_MIDDLE_TO_LATE,46,218,0.5045871559633027,0.48623853211009177,-0.018348623853210955,10,14,-4
B_EARLY_MIDDLE_TO_LATE,47,306,0.7777777777777778,0.7712418300653595,-0.006535947712418277,10,12,-2
B_EARLY_MIDDLE_TO_LATE,48,253,0.1067193675889328,0.11462450592885376,0.007905138339920958,6,4,2
B_EARLY_MIDDLE_TO_LATE,50,303,0.2838283828382838,0.2871287128712871,0.0033003300330032848,12,11,1
B_EARLY_MIDDLE_TO_LATE,51,255,0.8784313725490196,0.8862745098039215,0.007843137254901933,7,5,2
B_EARLY_MIDDLE_TO_LATE,52,301,0.8172757475083057,0.8338870431893688,0.01661129568106312,8,3,5
B_EARLY_MIDDLE_TO_LATE,53,302,0.9238410596026491,0.9602649006622517,0.03642384105960261,12,1,11
B_EARLY_MIDDLE_TO_LATE,54,303,0.900990099009901,0.9207920792079208,0.01980198019801982,10,4,6
B_EARLY_MIDDLE_TO_LATE,55,289,0.8650519031141869,0.8927335640138409,0.02768166089965396,13,5,8
B_EARLY_MIDDLE_TO_LATE,57,245,0.24081632653061225,0.19591836734693877,-0.04489795918367348,13,24,-11
B_EARLY_MIDDLE_TO_LATE,6,283,0.8586572438162544,0.8586572438162544,0.0,5,5,0
B_EARLY_MIDDLE_TO_LATE,60,303,0.8250825082508251,0.8613861386138614,0.0363036303630363,14,3,11
B_EARLY_MIDDLE_TO_LATE,61,302,0.890728476821192,0.8940397350993378,0.0033112582781457123,6,5,1
B_EARLY_MIDDLE_TO_LATE,63,303,0.9075907590759076,0.9075907590759076,0.0,3,3,0
B_EARLY_MIDDLE_TO_LATE,68,302,0.6456953642384106,0.6721854304635762,0.026490066225165587,15,7,8
B_EARLY_MIDDLE_TO_LATE,7,303,0.9570957095709571,0.9636963696369637,0.0066006600660065695,3,1,2
B_EARLY_MIDDLE_TO_LATE,71,305,0.6754098360655738,0.8459016393442623,0.17049180327868851,52,0,52
B_EARLY_MIDDLE_TO_LATE,72,282,0.8333333333333334,0.8475177304964538,0.014184397163120477,7,3,4
B_EARLY_MIDDLE_TO_LATE,76,270,0.7851851851851852,0.8629629629629629,0.07777777777777772,23,2,21
B_EARLY_MIDDLE_TO_LATE,77,290,0.15517241379310345,0.2655172413793103,0.11034482758620687,38,6,32
B_EARLY_MIDDLE_TO_LATE,78,306,0.8398692810457516,0.8921568627450981,0.05228758169934644,19,3,16
B_EARLY_MIDDLE_TO_LATE,80,309,0.7152103559870551,0.8446601941747572,0.12944983818770217,42,2,40
B_EARLY_MIDDLE_TO_LATE,81,258,0.8372093023255814,0.8682170542635659,0.03100775193798444,10,2,8
B_EARLY_MIDDLE_TO_LATE,86,300,0.6933333333333334,0.6933333333333334,0.0,3,3,0
B_EARLY_MIDDLE_TO_LATE,89,307,0.8078175895765473,0.8143322475570033,0.006514657980456029,16,14,2
B_EARLY_MIDDLE_TO_LATE,9,303,0.8778877887788779,0.8943894389438944,0.01650165016501659,9,4,5
B_EARLY_MIDDLE_TO_LATE,90,300,0.9133333333333333,0.9466666666666667,0.033333333333333326,11,1,10
B_EARLY_MIDDLE_TO_LATE,92,216,0.8287037037037037,0.8657407407407407,0.03703703703703698,10,2,8
B_EARLY_MIDDLE_TO_LATE,96,286,0.8391608391608392,0.8356643356643356,-0.0034965034965035446,7,8,-1
B_EARLY_MIDDLE_TO_LATE,97,290,0.5275862068965518,0.5344827586206896,0.006896551724137834,4,2,2
B_EARLY_MIDDLE_TO_LATE,98,306,0.9575163398692811,0.9738562091503268,0.016339869281045694,6,1,5
