fold,site_label,n,v1_accuracy,v2_accuracy,delta_accuracy,v2_only_correct_n,v1_only_correct_n
A_EARLY_TO_MIDDLE,0,300,0.83,0.8466666666666667,0.01666666666666672,5,0
A_EARLY_TO_MIDDLE,10,326,0.6042944785276073,0.6257668711656442,0.021472392638036908,8,1
A_EARLY_TO_MIDDLE,102,317,0.5488958990536278,0.5678233438485805,0.018927444794952675,6,0
A_EARLY_TO_MIDDLE,104,327,0.6146788990825688,0.6207951070336392,0.006116207951070374,12,10
A_EARLY_TO_MIDDLE,105,243,0.8930041152263375,0.8847736625514403,-0.008230452674897193,1,3
A_EARLY_TO_MIDDLE,106,288,0.8715277777777778,0.8506944444444444,-0.02083333333333337,0,6
A_EARLY_TO_MIDDLE,107,282,0.8014184397163121,0.8191489361702128,0.01773049645390068,12,7
A_EARLY_TO_MIDDLE,108,311,0.9646302250803859,0.9710610932475884,0.006430868167202508,2,0
A_EARLY_TO_MIDDLE,109,325,0.8492307692307692,0.8492307692307692,0.0,3,3
A_EARLY_TO_MIDDLE,11,316,0.870253164556962,0.879746835443038,0.009493670886076,4,1
A_EARLY_TO_MIDDLE,110,209,0.8421052631578947,0.8373205741626795,-0.004784688995215225,0,1
A_EARLY_TO_MIDDLE,113,327,0.8654434250764526,0.8990825688073395,0.033639143730886945,11,0
A_EARLY_TO_MIDDLE,117,321,0.6043613707165109,0.6043613707165109,0.0,0,0
A_EARLY_TO_MIDDLE,12,328,0.7835365853658537,0.801829268292683,0.018292682926829285,9,3
A_EARLY_TO_MIDDLE,14,276,0.4601449275362319,0.5,0.039855072463768126,12,1
A_EARLY_TO_MIDDLE,18,328,0.8628048780487805,0.8597560975609756,-0.0030487804878048808,3,4
A_EARLY_TO_MIDDLE,2,327,0.9510703363914373,0.9418960244648318,-0.00917431192660556,0,3
A_EARLY_TO_MIDDLE,21,329,0.8480243161094225,0.8419452887537994,-0.006079027355623157,3,5
A_EARLY_TO_MIDDLE,24,245,0.8693877551020408,0.8693877551020408,0.0,4,4
A_EARLY_TO_MIDDLE,25,333,0.918918918918919,0.9309309309309309,0.012012012012011963,5,1
A_EARLY_TO_MIDDLE,27,332,0.8343373493975904,0.8433734939759037,0.009036144578313254,6,3
A_EARLY_TO_MIDDLE,28,326,0.27300613496932513,0.3006134969325153,0.02760736196319019,9,0
A_EARLY_TO_MIDDLE,29,329,0.1702127659574468,0.1702127659574468,0.0,0,0
A_EARLY_TO_MIDDLE,31,272,0.9191176470588235,0.9264705882352942,0.007352941176470673,3,1
A_EARLY_TO_MIDDLE,34,315,0.8698412698412699,0.8603174603174604,-0.00952380952380949,1,4
A_EARLY_TO_MIDDLE,35,329,0.9300911854103343,0.9240121580547113,-0.006079027355623046,0,2
A_EARLY_TO_MIDDLE,36,323,0.9752321981424149,0.9752321981424149,0.0,0,0
A_EARLY_TO_MIDDLE,37,333,0.7597597597597597,0.7627627627627628,0.0030030030030030463,6,5
A_EARLY_TO_MIDDLE,39,325,0.8338461538461538,0.8307692307692308,-0.003076923076922977,1,2
A_EARLY_TO_MIDDLE,40,323,0.7151702786377709,0.7089783281733746,-0.006191950464396356,4,6
A_EARLY_TO_MIDDLE,41,253,0.8893280632411067,0.8932806324110671,0.0039525691699604515,3,2
A_EARLY_TO_MIDDLE,42,320,0.80625,0.80625,0.0,1,1
A_EARLY_TO_MIDDLE,43,316,0.8924050632911392,0.8987341772151899,0.006329113924050667,3,1
A_EARLY_TO_MIDDLE,45,297,0.6127946127946128,0.622895622895623,0.010101010101010166,11,8
A_EARLY_TO_MIDDLE,46,305,0.21639344262295082,0.22295081967213115,0.00655737704918033,7,5
A_EARLY_TO_MIDDLE,47,326,0.7975460122699386,0.7484662576687117,-0.04907975460122693,2,18
A_EARLY_TO_MIDDLE,48,314,0.1942675159235669,0.15286624203821655,-0.04140127388535034,2,15
A_EARLY_TO_MIDDLE,50,326,0.8957055214723927,0.8711656441717791,-0.024539877300613577,2,10
A_EARLY_TO_MIDDLE,51,266,0.8759398496240601,0.8834586466165414,0.007518796992481258,4,2
A_EARLY_TO_MIDDLE,52,325,0.8676923076923077,0.8584615384615385,-0.009230769230769154,1,4
A_EARLY_TO_MIDDLE,53,326,0.9478527607361963,0.9478527607361963,0.0,2,2
A_EARLY_TO_MIDDLE,54,328,0.8932926829268293,0.8932926829268293,0.0,1,1
A_EARLY_TO_MIDDLE,55,321,0.8535825545171339,0.8753894080996885,0.02180685358255452,7,0
A_EARLY_TO_MIDDLE,57,269,0.10037174721189591,0.10037174721189591,0.0,0,0
A_EARLY_TO_MIDDLE,6,286,0.8181818181818182,0.8111888111888111,-0.006993006993007089,2,4
A_EARLY_TO_MIDDLE,60,332,0.7831325301204819,0.7831325301204819,0.0,7,7
A_EARLY_TO_MIDDLE,61,330,0.9606060606060606,0.9484848484848485,-0.012121212121212088,0,4
A_EARLY_TO_MIDDLE,63,331,0.879154078549849,0.8580060422960725,-0.02114803625377648,0,7
A_EARLY_TO_MIDDLE,68,330,0.6696969696969697,0.6575757575757576,-0.012121212121212088,8,12
A_EARLY_TO_MIDDLE,7,328,0.9146341463414634,0.9024390243902439,-0.012195121951219523,0,4
A_EARLY_TO_MIDDLE,71,329,0.6170212765957447,0.6139817629179332,-0.003039513677811523,0,1
A_EARLY_TO_MIDDLE,72,304,0.8125,0.8289473684210527,0.016447368421052655,5,0
A_EARLY_TO_MIDDLE,76,296,0.8445945945945946,0.8513513513513513,0.006756756756756688,3,1
A_EARLY_TO_MIDDLE,77,302,0.2251655629139073,0.2251655629139073,0.0,0,0
A_EARLY_TO_MIDDLE,78,334,0.49101796407185627,0.48502994011976047,-0.0059880239520958,8,10
A_EARLY_TO_MIDDLE,80,334,0.7305389221556886,0.718562874251497,-0.0119760479041916,1,5
A_EARLY_TO_MIDDLE,81,260,0.7423076923076923,0.7730769230769231,0.03076923076923077,8,0
A_EARLY_TO_MIDDLE,86,329,0.7173252279635258,0.7203647416413373,0.003039513677811523,1,0
A_EARLY_TO_MIDDLE,89,330,0.7151515151515152,0.7363636363636363,0.021212121212121127,8,1
A_EARLY_TO_MIDDLE,9,328,0.823170731707317,0.8109756097560976,-0.012195121951219412,2,6
A_EARLY_TO_MIDDLE,90,318,0.8553459119496856,0.8584905660377359,0.0031446540880503138,4,3
A_EARLY_TO_MIDDLE,92,235,0.8638297872340426,0.8680851063829788,0.004255319148936176,4,3
A_EARLY_TO_MIDDLE,96,330,0.7151515151515152,0.7090909090909091,-0.0060606060606061,3,5
A_EARLY_TO_MIDDLE,97,311,0.3408360128617363,0.33762057877813506,-0.003215434083601254,0,1
A_EARLY_TO_MIDDLE,98,326,0.9478527607361963,0.941717791411043,-0.006134969325153339,0,2
B_EARLY_MIDDLE_TO_LATE,0,271,0.8302583025830258,0.8265682656826568,-0.0036900369003689537,1,2
B_EARLY_MIDDLE_TO_LATE,10,302,0.7615894039735099,0.7582781456953642,-0.0033112582781457123,10,11
B_EARLY_MIDDLE_TO_LATE,102,299,0.7357859531772575,0.782608695652174,0.04682274247491647,14,0
B_EARLY_MIDDLE_TO_LATE,104,304,0.625,0.6611842105263158,0.03618421052631582,13,2
B_EARLY_MIDDLE_TO_LATE,105,305,0.9737704918032787,0.9737704918032787,0.0,0,0
B_EARLY_MIDDLE_TO_LATE,106,282,0.9468085106382979,0.9432624113475178,-0.0035460992907800915,1,2
B_EARLY_MIDDLE_TO_LATE,107,266,0.8984962406015038,0.8609022556390977,-0.03759398496240607,0,10
B_EARLY_MIDDLE_TO_LATE,108,279,0.978494623655914,0.978494623655914,0.0,0,0
B_EARLY_MIDDLE_TO_LATE,109,292,0.9006849315068494,0.910958904109589,0.010273972602739656,3,0
B_EARLY_MIDDLE_TO_LATE,11,285,0.9228070175438596,0.9228070175438596,0.0,0,0
B_EARLY_MIDDLE_TO_LATE,110,223,0.5112107623318386,0.5067264573991032,-0.004484304932735439,0,1
B_EARLY_MIDDLE_TO_LATE,113,307,0.8794788273615635,0.8827361563517915,0.0032573289902280145,4,3
B_EARLY_MIDDLE_TO_LATE,117,305,0.6,0.5967213114754099,-0.003278688524590123,0,1
B_EARLY_MIDDLE_TO_LATE,12,304,0.7138157894736842,0.7006578947368421,-0.013157894736842035,4,8
B_EARLY_MIDDLE_TO_LATE,14,265,0.6679245283018868,0.660377358490566,-0.007547169811320753,8,10
B_EARLY_MIDDLE_TO_LATE,18,304,0.9046052631578947,0.8980263157894737,-0.006578947368421018,3,5
B_EARLY_MIDDLE_TO_LATE,2,298,0.9899328859060402,0.9899328859060402,0.0,0,0
B_EARLY_MIDDLE_TO_LATE,21,295,0.9084745762711864,0.8949152542372881,-0.013559322033898313,1,5
B_EARLY_MIDDLE_TO_LATE,24,244,0.8770491803278688,0.8729508196721312,-0.004098360655737654,1,2
B_EARLY_MIDDLE_TO_LATE,25,304,0.9342105263157895,0.930921052631579,-0.003289473684210509,1,2
B_EARLY_MIDDLE_TO_LATE,27,303,0.09570957095709572,0.11221122112211221,0.016501650165016493,7,2
B_EARLY_MIDDLE_TO_LATE,28,294,0.9863945578231292,0.9863945578231292,0.0,0,0
B_EARLY_MIDDLE_TO_LATE,29,305,0.5606557377049181,0.6032786885245902,0.042622950819672156,16,3
B_EARLY_MIDDLE_TO_LATE,31,269,0.9479553903345725,0.9516728624535316,0.0037174721189590088,2,1
B_EARLY_MIDDLE_TO_LATE,34,290,0.9517241379310345,0.9586206896551724,0.006896551724137945,3,1
B_EARLY_MIDDLE_TO_LATE,35,298,0.9395973154362416,0.9395973154362416,0.0,1,1
B_EARLY_MIDDLE_TO_LATE,36,299,0.919732441471572,0.9230769230769231,0.0033444816053511683,1,0
B_EARLY_MIDDLE_TO_LATE,37,304,0.8026315789473685,0.805921052631579,0.003289473684210509,3,2
B_EARLY_MIDDLE_TO_LATE,39,298,0.87248322147651,0.8758389261744967,0.003355704697986628,7,6
B_EARLY_MIDDLE_TO_LATE,40,300,0.8633333333333333,0.86,-0.0033333333333332993,2,3
B_EARLY_MIDDLE_TO_LATE,41,239,0.9372384937238494,0.9372384937238494,0.0,1,1
B_EARLY_MIDDLE_TO_LATE,42,270,0.9074074074074074,0.9037037037037037,-0.0037037037037037646,2,3
B_EARLY_MIDDLE_TO_LATE,43,286,0.8741258741258742,0.8916083916083916,0.01748251748251739,6,1
B_EARLY_MIDDLE_TO_LATE,45,270,0.7148148148148148,0.737037037037037,0.022222222222222254,11,5
B_EARLY_MIDDLE_TO_LATE,46,218,0.48623853211009177,0.5412844036697247,0.055045871559632975,12,0
B_EARLY_MIDDLE_TO_LATE,47,306,0.7712418300653595,0.7875816993464052,0.016339869281045694,9,4
B_EARLY_MIDDLE_TO_LATE,48,253,0.11462450592885376,0.11462450592885376,0.0,1,1
B_EARLY_MIDDLE_TO_LATE,50,303,0.2871287128712871,0.31353135313531355,0.026402640264026445,10,2
B_EARLY_MIDDLE_TO_LATE,51,255,0.8862745098039215,0.8980392156862745,0.01176470588235301,3,0
B_EARLY_MIDDLE_TO_LATE,52,301,0.8338870431893688,0.8305647840531561,-0.0033222591362126463,2,3
B_EARLY_MIDDLE_TO_LATE,53,302,0.9602649006622517,0.9735099337748344,0.013245033112582738,5,1
B_EARLY_MIDDLE_TO_LATE,54,303,0.9207920792079208,0.9273927392739274,0.0066006600660065695,2,0
B_EARLY_MIDDLE_TO_LATE,55,289,0.8927335640138409,0.9065743944636678,0.01384083044982698,4,0
B_EARLY_MIDDLE_TO_LATE,57,245,0.19591836734693877,0.1836734693877551,-0.012244897959183654,2,5
B_EARLY_MIDDLE_TO_LATE,6,283,0.8586572438162544,0.8445229681978799,-0.014134275618374548,2,6
B_EARLY_MIDDLE_TO_LATE,60,303,0.8613861386138614,0.8613861386138614,0.0,2,2
B_EARLY_MIDDLE_TO_LATE,61,302,0.8940397350993378,0.9039735099337748,0.009933774834437026,5,2
B_EARLY_MIDDLE_TO_LATE,63,303,0.9075907590759076,0.9141914191419142,0.0066006600660065695,4,2
B_EARLY_MIDDLE_TO_LATE,68,302,0.6721854304635762,0.652317880794702,-0.019867549668874163,4,10
B_EARLY_MIDDLE_TO_LATE,7,303,0.9636963696369637,0.9636963696369637,0.0,1,1
B_EARLY_MIDDLE_TO_LATE,71,305,0.8459016393442623,0.8590163934426229,0.013114754098360604,4,0
B_EARLY_MIDDLE_TO_LATE,72,282,0.8475177304964538,0.8617021276595744,0.014184397163120588,4,0
B_EARLY_MIDDLE_TO_LATE,76,270,0.8629629629629629,0.8629629629629629,0.0,2,2
B_EARLY_MIDDLE_TO_LATE,77,290,0.2655172413793103,0.2655172413793103,0.0,7,7
B_EARLY_MIDDLE_TO_LATE,78,306,0.8921568627450981,0.8986928104575164,0.006535947712418277,3,1
B_EARLY_MIDDLE_TO_LATE,80,309,0.8446601941747572,0.8317152103559871,-0.012944983818770184,2,6
B_EARLY_MIDDLE_TO_LATE,81,258,0.8682170542635659,0.8643410852713178,-0.003875968992248069,1,2
B_EARLY_MIDDLE_TO_LATE,86,300,0.6933333333333334,0.7133333333333334,0.020000000000000018,6,0
B_EARLY_MIDDLE_TO_LATE,89,307,0.8143322475570033,0.8078175895765473,-0.006514657980456029,4,6
B_EARLY_MIDDLE_TO_LATE,9,303,0.8943894389438944,0.8943894389438944,0.0,4,4
B_EARLY_MIDDLE_TO_LATE,90,300,0.9466666666666667,0.9466666666666667,0.0,2,2
B_EARLY_MIDDLE_TO_LATE,92,216,0.8657407407407407,0.8611111111111112,-0.004629629629629539,3,4
B_EARLY_MIDDLE_TO_LATE,96,286,0.8356643356643356,0.8356643356643356,0.0,3,3
B_EARLY_MIDDLE_TO_LATE,97,290,0.5344827586206896,0.5103448275862069,-0.024137931034482696,2,9
B_EARLY_MIDDLE_TO_LATE,98,306,0.9738562091503268,0.9738562091503268,0.0,1,1
