track,site_label,model,n,accuracy,mean_true_rank
DEV_FROZEN,0,MICRO_FINAL,299,0.5852842809364549,4.9799331103678925
DEV_FROZEN,0,MACRO_XGB,299,0.6287625418060201,1.6789297658862876
DEV_FROZEN,0,MACRO_LTD,299,0.043478260869565216,8.214046822742475
DEV_FROZEN,0,MACRO_LTD_FINAL,299,0.5585284280936454,2.3578595317725752
DEV_FROZEN,0,LTD_HYBRID_FINAL,299,0.8160535117056856,1.5919732441471572
DEV_FROZEN,10,MICRO_FINAL,329,0.47416413373860183,11.443768996960486
DEV_FROZEN,10,MACRO_XGB,329,0.00911854103343465,8.440729483282675
DEV_FROZEN,10,MACRO_LTD,329,0.0,10.826747720364741
DEV_FROZEN,10,MACRO_LTD_FINAL,329,0.00303951367781155,6.975683890577508
DEV_FROZEN,10,LTD_HYBRID_FINAL,329,0.46200607902735563,4.3890577507598785
DEV_FROZEN,102,MICRO_FINAL,282,0.2198581560283688,4.808510638297872
DEV_FROZEN,102,MACRO_XGB,282,0.09929078014184398,5.152482269503546
DEV_FROZEN,102,MACRO_LTD,282,0.0035460992907801418,18.04964539007092
DEV_FROZEN,102,MACRO_LTD_FINAL,282,0.014184397163120567,9.840425531914894
DEV_FROZEN,102,LTD_HYBRID_FINAL,282,0.1702127659574468,4.358156028368795
DEV_FROZEN,104,MICRO_FINAL,264,0.2689393939393939,16.064393939393938
DEV_FROZEN,104,MACRO_XGB,264,0.5492424242424242,2.1515151515151514
DEV_FROZEN,104,MACRO_LTD,264,0.07954545454545454,7.643939393939394
DEV_FROZEN,104,MACRO_LTD_FINAL,264,0.5037878787878788,2.034090909090909
DEV_FROZEN,104,LTD_HYBRID_FINAL,264,0.5454545454545454,2.1666666666666665
DEV_FROZEN,105,MICRO_FINAL,276,0.5253623188405797,12.184782608695652
DEV_FROZEN,105,MACRO_XGB,276,0.021739130434782608,7.036231884057971
DEV_FROZEN,105,MACRO_LTD,276,0.014492753623188406,20.52536231884058
DEV_FROZEN,105,MACRO_LTD_FINAL,276,0.018115942028985508,11.778985507246377
DEV_FROZEN,105,LTD_HYBRID_FINAL,276,0.4057971014492754,6.1231884057971016
DEV_FROZEN,106,MICRO_FINAL,253,0.6442687747035574,3.814229249011858
DEV_FROZEN,106,MACRO_XGB,253,0.34782608695652173,2.225296442687747
DEV_FROZEN,106,MACRO_LTD,253,0.1383399209486166,5.102766798418973
DEV_FROZEN,106,MACRO_LTD_FINAL,253,0.35968379446640314,1.9446640316205535
DEV_FROZEN,106,LTD_HYBRID_FINAL,253,0.7628458498023716,1.3478260869565217
DEV_FROZEN,107,MICRO_FINAL,236,0.3177966101694915,6.478813559322034
DEV_FROZEN,107,MACRO_XGB,236,0.9279661016949152,1.1991525423728813
DEV_FROZEN,107,MACRO_LTD,236,0.012711864406779662,28.088983050847457
DEV_FROZEN,107,MACRO_LTD_FINAL,236,0.5169491525423728,3.1864406779661016
DEV_FROZEN,107,LTD_HYBRID_FINAL,236,0.4788135593220339,2.5466101694915255
DEV_FROZEN,108,MICRO_FINAL,288,0.7743055555555556,4.888888888888889
DEV_FROZEN,108,MACRO_XGB,288,0.8888888888888888,1.3090277777777777
DEV_FROZEN,108,MACRO_LTD,288,0.13541666666666666,6.402777777777778
DEV_FROZEN,108,MACRO_LTD_FINAL,288,0.8854166666666666,1.375
DEV_FROZEN,108,LTD_HYBRID_FINAL,288,0.9548611111111112,1.1423611111111112
DEV_FROZEN,109,MICRO_FINAL,290,0.5758620689655173,5.4862068965517246
DEV_FROZEN,109,MACRO_XGB,290,0.1724137931034483,3.4827586206896552
DEV_FROZEN,109,MACRO_LTD,290,0.03103448275862069,7.2620689655172415
DEV_FROZEN,109,MACRO_LTD_FINAL,290,0.13448275862068965,3.079310344827586
DEV_FROZEN,109,LTD_HYBRID_FINAL,290,0.6655172413793103,1.8862068965517242
DEV_FROZEN,11,MICRO_FINAL,303,0.5346534653465347,3.5016501650165015
DEV_FROZEN,11,MACRO_XGB,303,0.7986798679867987,1.801980198019802
DEV_FROZEN,11,MACRO_LTD,303,0.5577557755775577,2.5313531353135312
DEV_FROZEN,11,MACRO_LTD_FINAL,303,0.9108910891089109,1.3498349834983498
DEV_FROZEN,11,LTD_HYBRID_FINAL,303,0.9042904290429042,1.2178217821782178
DEV_FROZEN,110,MICRO_FINAL,293,0.6757679180887372,1.7542662116040955
DEV_FROZEN,110,MACRO_XGB,293,0.5460750853242321,2.2525597269624575
DEV_FROZEN,110,MACRO_LTD,293,0.590443686006826,2.0034129692832763
DEV_FROZEN,110,MACRO_LTD_FINAL,293,0.7918088737201365,1.484641638225256
DEV_FROZEN,110,LTD_HYBRID_FINAL,293,0.7508532423208191,1.6040955631399318
DEV_FROZEN,113,MICRO_FINAL,289,0.49480968858131485,5.0
DEV_FROZEN,113,MACRO_XGB,289,0.01384083044982699,4.629757785467128
DEV_FROZEN,113,MACRO_LTD,289,0.01730103806228374,18.418685121107266
DEV_FROZEN,113,MACRO_LTD_FINAL,289,0.01730103806228374,6.595155709342561
DEV_FROZEN,113,LTD_HYBRID_FINAL,289,0.48788927335640137,2.7716262975778547
DEV_FROZEN,117,MICRO_FINAL,289,0.3356401384083045,2.2214532871972317
DEV_FROZEN,117,MACRO_XGB,289,0.0034602076124567475,2.640138408304498
DEV_FROZEN,117,MACRO_LTD,289,0.08304498269896193,2.4844290657439445
DEV_FROZEN,117,MACRO_LTD_FINAL,289,0.0,2.7231833910034604
DEV_FROZEN,117,LTD_HYBRID_FINAL,289,0.29411764705882354,2.3183391003460208
DEV_FROZEN,12,MICRO_FINAL,312,0.4423076923076923,5.076923076923077
DEV_FROZEN,12,MACRO_XGB,312,0.009615384615384616,7.8076923076923075
DEV_FROZEN,12,MACRO_LTD,312,0.0,22.990384615384617
DEV_FROZEN,12,MACRO_LTD_FINAL,312,0.0,10.862179487179487
DEV_FROZEN,12,LTD_HYBRID_FINAL,312,0.3974358974358974,4.951923076923077
DEV_FROZEN,14,MICRO_FINAL,306,0.16993464052287582,23.57843137254902
DEV_FROZEN,14,MACRO_XGB,306,0.0032679738562091504,27.859477124183005
DEV_FROZEN,14,MACRO_LTD,306,0.0,35.3562091503268
DEV_FROZEN,14,MACRO_LTD_FINAL,306,0.006535947712418301,33.10457516339869
DEV_FROZEN,14,LTD_HYBRID_FINAL,306,0.13398692810457516,27.029411764705884
DEV_FROZEN,18,MICRO_FINAL,330,0.6363636363636364,4.257575757575758
DEV_FROZEN,18,MACRO_XGB,330,0.15454545454545454,5.303030303030303
DEV_FROZEN,18,MACRO_LTD,330,0.006060606060606061,20.745454545454546
DEV_FROZEN,18,MACRO_LTD_FINAL,330,0.06666666666666667,9.472727272727273
DEV_FROZEN,18,LTD_HYBRID_FINAL,330,0.6909090909090909,1.7212121212121212
DEV_FROZEN,2,MICRO_FINAL,287,0.2926829268292683,11.526132404181185
DEV_FROZEN,2,MACRO_XGB,287,0.4634146341463415,1.8850174216027875
DEV_FROZEN,2,MACRO_LTD,287,0.9407665505226481,1.10801393728223
DEV_FROZEN,2,MACRO_LTD_FINAL,287,0.9442508710801394,1.0801393728222997
DEV_FROZEN,2,LTD_HYBRID_FINAL,287,0.7247386759581882,1.3414634146341464
DEV_FROZEN,21,MICRO_FINAL,308,0.44805194805194803,2.737012987012987
DEV_FROZEN,21,MACRO_XGB,308,0.06818181818181818,7.711038961038961
DEV_FROZEN,21,MACRO_LTD,308,0.016233766233766232,7.12987012987013
DEV_FROZEN,21,MACRO_LTD_FINAL,308,0.10064935064935066,4.935064935064935
DEV_FROZEN,21,LTD_HYBRID_FINAL,308,0.5974025974025974,1.9902597402597402
DEV_FROZEN,24,MICRO_FINAL,263,0.3574144486692015,16.844106463878326
DEV_FROZEN,24,MACRO_XGB,263,0.21292775665399238,6.064638783269962
DEV_FROZEN,24,MACRO_LTD,263,0.0,13.091254752851711
DEV_FROZEN,24,MACRO_LTD_FINAL,263,0.1520912547528517,5.927756653992396
DEV_FROZEN,24,LTD_HYBRID_FINAL,263,0.4296577946768061,4.47148288973384
DEV_FROZEN,25,MICRO_FINAL,312,0.4391025641025641,4.698717948717949
DEV_FROZEN,25,MACRO_XGB,312,0.22756410256410256,5.576923076923077
DEV_FROZEN,25,MACRO_LTD,312,0.0,34.12820512820513
DEV_FROZEN,25,MACRO_LTD_FINAL,312,0.060897435897435896,13.185897435897436
DEV_FROZEN,25,LTD_HYBRID_FINAL,312,0.41346153846153844,3.8301282051282053
DEV_FROZEN,27,MICRO_FINAL,310,0.2161290322580645,16.838709677419356
DEV_FROZEN,27,MACRO_XGB,310,0.012903225806451613,7.796774193548387
DEV_FROZEN,27,MACRO_LTD,310,0.0,19.270967741935483
DEV_FROZEN,27,MACRO_LTD_FINAL,310,0.0032258064516129032,8.82258064516129
DEV_FROZEN,27,LTD_HYBRID_FINAL,310,0.2129032258064516,8.212903225806452
DEV_FROZEN,28,MICRO_FINAL,286,0.4825174825174825,3.7552447552447554
DEV_FROZEN,28,MACRO_XGB,286,0.2727272727272727,4.7027972027972025
DEV_FROZEN,28,MACRO_LTD,286,0.5559440559440559,2.93006993006993
DEV_FROZEN,28,MACRO_LTD_FINAL,286,0.3321678321678322,2.395104895104895
DEV_FROZEN,28,LTD_HYBRID_FINAL,286,0.6013986013986014,1.6153846153846154
DEV_FROZEN,29,MICRO_FINAL,320,0.33125,18.634375
DEV_FROZEN,29,MACRO_XGB,320,0.04375,4.496875
DEV_FROZEN,29,MACRO_LTD,320,0.0,36.921875
DEV_FROZEN,29,MACRO_LTD_FINAL,320,0.003125,11.925
DEV_FROZEN,29,LTD_HYBRID_FINAL,320,0.253125,8.94375
DEV_FROZEN,31,MICRO_FINAL,289,0.8235294117647058,2.982698961937716
DEV_FROZEN,31,MACRO_XGB,289,0.1245674740484429,2.671280276816609
DEV_FROZEN,31,MACRO_LTD,289,0.05190311418685121,7.522491349480969
DEV_FROZEN,31,MACRO_LTD_FINAL,289,0.11418685121107267,3.480968858131488
DEV_FROZEN,31,LTD_HYBRID_FINAL,289,0.8339100346020761,1.439446366782007
DEV_FROZEN,34,MICRO_FINAL,251,0.4262948207171315,4.47410358565737
DEV_FROZEN,34,MACRO_XGB,251,0.8247011952191236,1.5418326693227091
DEV_FROZEN,34,MACRO_LTD,251,0.00796812749003984,12.637450199203187
DEV_FROZEN,34,MACRO_LTD_FINAL,251,0.5737051792828686,1.7649402390438247
DEV_FROZEN,34,LTD_HYBRID_FINAL,251,0.8366533864541833,1.3067729083665338
DEV_FROZEN,35,MICRO_FINAL,297,0.20875420875420875,8.333333333333334
DEV_FROZEN,35,MACRO_XGB,297,0.06060606060606061,11.084175084175085
DEV_FROZEN,35,MACRO_LTD,297,0.0,25.8989898989899
DEV_FROZEN,35,MACRO_LTD_FINAL,297,0.020202020202020204,14.545454545454545
DEV_FROZEN,35,LTD_HYBRID_FINAL,297,0.1919191919191919,8.905723905723907
DEV_FROZEN,36,MICRO_FINAL,305,0.05901639344262295,10.691803278688525
DEV_FROZEN,36,MACRO_XGB,305,0.5180327868852459,4.99016393442623
DEV_FROZEN,36,MACRO_LTD,305,0.009836065573770493,7.563934426229508
DEV_FROZEN,36,MACRO_LTD_FINAL,305,0.5114754098360655,3.216393442622951
DEV_FROZEN,36,LTD_HYBRID_FINAL,305,0.3475409836065574,3.236065573770492
DEV_FROZEN,37,MICRO_FINAL,316,0.31645569620253167,15.677215189873417
DEV_FROZEN,37,MACRO_XGB,316,0.12974683544303797,5.465189873417722
DEV_FROZEN,37,MACRO_LTD,316,0.060126582278481014,26.731012658227847
DEV_FROZEN,37,MACRO_LTD_FINAL,316,0.12974683544303797,7.958860759493671
DEV_FROZEN,37,LTD_HYBRID_FINAL,316,0.31962025316455694,7.082278481012659
DEV_FROZEN,39,MICRO_FINAL,284,0.1443661971830986,9.133802816901408
DEV_FROZEN,39,MACRO_XGB,284,0.24647887323943662,5.623239436619718
DEV_FROZEN,39,MACRO_LTD,284,0.6126760563380281,3.3309859154929575
DEV_FROZEN,39,MACRO_LTD_FINAL,284,0.5704225352112676,2.915492957746479
DEV_FROZEN,39,LTD_HYBRID_FINAL,284,0.5140845070422535,2.609154929577465
DEV_FROZEN,40,MICRO_FINAL,219,0.4200913242009132,6.575342465753424
DEV_FROZEN,40,MACRO_XGB,219,0.0091324200913242,19.69406392694064
DEV_FROZEN,40,MACRO_LTD,219,0.0,15.744292237442922
DEV_FROZEN,40,MACRO_LTD_FINAL,219,0.0045662100456621,15.940639269406393
DEV_FROZEN,40,LTD_HYBRID_FINAL,219,0.3561643835616438,6.018264840182648
DEV_FROZEN,41,MICRO_FINAL,267,0.30711610486891383,6.8277153558052435
DEV_FROZEN,41,MACRO_XGB,267,0.5056179775280899,3.8202247191011236
DEV_FROZEN,41,MACRO_LTD,267,0.17228464419475656,15.621722846441948
DEV_FROZEN,41,MACRO_LTD_FINAL,267,0.49812734082397003,4.7790262172284645
DEV_FROZEN,41,LTD_HYBRID_FINAL,267,0.5842696629213483,2.8951310861423223
DEV_FROZEN,42,MICRO_FINAL,279,0.46236559139784944,8.10394265232975
DEV_FROZEN,42,MACRO_XGB,279,0.17921146953405018,3.6272401433691757
DEV_FROZEN,42,MACRO_LTD,279,0.043010752688172046,6.344086021505376
DEV_FROZEN,42,MACRO_LTD_FINAL,279,0.12186379928315412,3.7132616487455197
DEV_FROZEN,42,LTD_HYBRID_FINAL,279,0.5268817204301075,2.5448028673835124
DEV_FROZEN,43,MICRO_FINAL,260,0.5269230769230769,5.565384615384615
DEV_FROZEN,43,MACRO_XGB,260,0.16153846153846155,3.4653846153846155
DEV_FROZEN,43,MACRO_LTD,260,0.1346153846153846,4.161538461538462
DEV_FROZEN,43,MACRO_LTD_FINAL,260,0.39615384615384613,2.2884615384615383
DEV_FROZEN,43,LTD_HYBRID_FINAL,260,0.7307692307692307,1.6384615384615384
DEV_FROZEN,45,MICRO_FINAL,273,0.5238095238095238,3.318681318681319
DEV_FROZEN,45,MACRO_XGB,273,0.08058608058608059,7.424908424908425
DEV_FROZEN,45,MACRO_LTD,273,0.01098901098901099,17.996336996336996
DEV_FROZEN,45,MACRO_LTD_FINAL,273,0.02197802197802198,8.304029304029305
DEV_FROZEN,45,LTD_HYBRID_FINAL,273,0.5531135531135531,2.9816849816849818
DEV_FROZEN,46,MICRO_FINAL,284,0.3873239436619718,10.619718309859154
DEV_FROZEN,46,MACRO_XGB,284,0.13028169014084506,3.3767605633802815
DEV_FROZEN,46,MACRO_LTD,284,0.014084507042253521,8.204225352112676
DEV_FROZEN,46,MACRO_LTD_FINAL,284,0.15140845070422534,3.3380281690140845
DEV_FROZEN,46,LTD_HYBRID_FINAL,284,0.49295774647887325,2.2077464788732395
DEV_FROZEN,47,MICRO_FINAL,295,0.6237288135593221,5.840677966101695
DEV_FROZEN,47,MACRO_XGB,295,0.4101694915254237,1.9694915254237289
DEV_FROZEN,47,MACRO_LTD,295,0.006779661016949152,23.827118644067795
DEV_FROZEN,47,MACRO_LTD_FINAL,295,0.2542372881355932,4.345762711864407
DEV_FROZEN,47,LTD_HYBRID_FINAL,295,0.6610169491525424,2.5796610169491525
DEV_FROZEN,48,MICRO_FINAL,260,0.3230769230769231,8.580769230769231
DEV_FROZEN,48,MACRO_XGB,260,0.023076923076923078,5.423076923076923
DEV_FROZEN,48,MACRO_LTD,260,0.4269230769230769,3.5846153846153848
DEV_FROZEN,48,MACRO_LTD_FINAL,260,0.04230769230769231,3.5692307692307694
DEV_FROZEN,48,LTD_HYBRID_FINAL,260,0.41923076923076924,2.45
DEV_FROZEN,50,MICRO_FINAL,290,0.2482758620689655,15.593103448275862
DEV_FROZEN,50,MACRO_XGB,290,0.0,14.13448275862069
DEV_FROZEN,50,MACRO_LTD,290,0.0,9.848275862068965
DEV_FROZEN,50,MACRO_LTD_FINAL,290,0.0034482758620689655,8.065517241379311
DEV_FROZEN,50,LTD_HYBRID_FINAL,290,0.22758620689655173,6.165517241379311
DEV_FROZEN,51,MICRO_FINAL,299,0.006688963210702341,24.51505016722408
DEV_FROZEN,51,MACRO_XGB,299,0.47491638795986624,2.882943143812709
DEV_FROZEN,51,MACRO_LTD,299,0.07692307692307693,4.896321070234114
DEV_FROZEN,51,MACRO_LTD_FINAL,299,0.5050167224080268,2.150501672240803
DEV_FROZEN,51,LTD_HYBRID_FINAL,299,0.2809364548494983,2.919732441471572
DEV_FROZEN,52,MICRO_FINAL,291,0.5395189003436426,6.86254295532646
DEV_FROZEN,52,MACRO_XGB,291,0.10309278350515463,7.082474226804123
DEV_FROZEN,52,MACRO_LTD,291,0.006872852233676976,23.31958762886598
DEV_FROZEN,52,MACRO_LTD_FINAL,291,0.06872852233676977,11.862542955326461
DEV_FROZEN,52,LTD_HYBRID_FINAL,291,0.5670103092783505,5.580756013745704
DEV_FROZEN,53,MICRO_FINAL,298,0.674496644295302,4.218120805369128
DEV_FROZEN,53,MACRO_XGB,298,0.7315436241610739,1.8355704697986577
DEV_FROZEN,53,MACRO_LTD,298,0.04697986577181208,25.08724832214765
DEV_FROZEN,53,MACRO_LTD_FINAL,298,0.4395973154362416,4.741610738255034
DEV_FROZEN,53,LTD_HYBRID_FINAL,298,0.6778523489932886,2.442953020134228
DEV_FROZEN,54,MICRO_FINAL,288,0.875,2.7465277777777777
DEV_FROZEN,54,MACRO_XGB,288,0.027777777777777776,11.711805555555555
DEV_FROZEN,54,MACRO_LTD,288,0.027777777777777776,24.069444444444443
DEV_FROZEN,54,MACRO_LTD_FINAL,288,0.03125,17.07638888888889
DEV_FROZEN,54,LTD_HYBRID_FINAL,288,0.8576388888888888,4.024305555555555
DEV_FROZEN,55,MICRO_FINAL,281,0.12455516014234876,11.227758007117437
DEV_FROZEN,55,MACRO_XGB,281,0.4199288256227758,2.893238434163701
DEV_FROZEN,55,MACRO_LTD,281,0.014234875444839857,30.316725978647685
DEV_FROZEN,55,MACRO_LTD_FINAL,281,0.0498220640569395,9.252669039145907
DEV_FROZEN,55,LTD_HYBRID_FINAL,281,0.2313167259786477,6.7686832740213525
DEV_FROZEN,57,MICRO_FINAL,240,0.30416666666666664,12.8625
DEV_FROZEN,57,MACRO_XGB,240,0.008333333333333333,11.891666666666667
DEV_FROZEN,57,MACRO_LTD,240,0.06666666666666667,6.516666666666667
DEV_FROZEN,57,MACRO_LTD_FINAL,240,0.008333333333333333,7.291666666666667
DEV_FROZEN,57,LTD_HYBRID_FINAL,240,0.3333333333333333,4.7375
DEV_FROZEN,6,MICRO_FINAL,325,0.6276923076923077,5.310769230769231
DEV_FROZEN,6,MACRO_XGB,325,0.1476923076923077,18.563076923076924
DEV_FROZEN,6,MACRO_LTD,325,0.052307692307692305,6.686153846153847
DEV_FROZEN,6,MACRO_LTD_FINAL,325,0.17846153846153845,9.741538461538461
DEV_FROZEN,6,LTD_HYBRID_FINAL,325,0.6092307692307692,3.7753846153846156
DEV_FROZEN,60,MICRO_FINAL,293,0.33447098976109213,7.296928327645051
DEV_FROZEN,60,MACRO_XGB,293,0.03754266211604096,7.044368600682594
DEV_FROZEN,60,MACRO_LTD,293,0.006825938566552901,27.467576791808874
DEV_FROZEN,60,MACRO_LTD_FINAL,293,0.034129692832764506,13.511945392491468
DEV_FROZEN,60,LTD_HYBRID_FINAL,293,0.2832764505119454,6.8805460750853245
DEV_FROZEN,61,MICRO_FINAL,276,0.2391304347826087,3.4166666666666665
DEV_FROZEN,61,MACRO_XGB,276,0.0036231884057971015,13.108695652173912
DEV_FROZEN,61,MACRO_LTD,276,0.4166666666666667,2.6340579710144927
DEV_FROZEN,61,MACRO_LTD_FINAL,276,0.025362318840579712,4.427536231884058
DEV_FROZEN,61,LTD_HYBRID_FINAL,276,0.1956521739130435,2.8043478260869565
DEV_FROZEN,63,MICRO_FINAL,274,0.42700729927007297,9.065693430656934
DEV_FROZEN,63,MACRO_XGB,274,0.0364963503649635,12.361313868613138
DEV_FROZEN,63,MACRO_LTD,274,0.145985401459854,14.127737226277372
DEV_FROZEN,63,MACRO_LTD_FINAL,274,0.0364963503649635,9.445255474452555
DEV_FROZEN,63,LTD_HYBRID_FINAL,274,0.34306569343065696,4.521897810218978
DEV_FROZEN,68,MICRO_FINAL,289,0.754325259515571,5.328719723183391
DEV_FROZEN,68,MACRO_XGB,289,0.35294117647058826,2.7785467128027683
DEV_FROZEN,68,MACRO_LTD,289,0.010380622837370242,18.3840830449827
DEV_FROZEN,68,MACRO_LTD_FINAL,289,0.2560553633217993,3.5432525951557095
DEV_FROZEN,68,LTD_HYBRID_FINAL,289,0.7854671280276817,2.14878892733564
DEV_FROZEN,7,MICRO_FINAL,338,0.10355029585798817,9.99112426035503
DEV_FROZEN,7,MACRO_XGB,338,0.005917159763313609,11.816568047337277
DEV_FROZEN,7,MACRO_LTD,338,0.008875739644970414,9.062130177514794
DEV_FROZEN,7,MACRO_LTD_FINAL,338,0.008875739644970414,6.816568047337278
DEV_FROZEN,7,LTD_HYBRID_FINAL,338,0.05325443786982249,5.017751479289941
DEV_FROZEN,71,MICRO_FINAL,289,0.25951557093425603,15.844290657439446
DEV_FROZEN,71,MACRO_XGB,289,0.2179930795847751,5.550173010380623
DEV_FROZEN,71,MACRO_LTD,289,0.01384083044982699,18.214532871972317
DEV_FROZEN,71,MACRO_LTD_FINAL,289,0.16262975778546712,6.688581314878893
DEV_FROZEN,71,LTD_HYBRID_FINAL,289,0.3494809688581315,5.567474048442906
DEV_FROZEN,72,MICRO_FINAL,297,0.4781144781144781,8.373737373737374
DEV_FROZEN,72,MACRO_XGB,297,0.1750841750841751,6.7407407407407405
DEV_FROZEN,72,MACRO_LTD,297,0.010101010101010102,17.232323232323232
DEV_FROZEN,72,MACRO_LTD_FINAL,297,0.11447811447811448,7.269360269360269
DEV_FROZEN,72,LTD_HYBRID_FINAL,297,0.4478114478114478,3.9663299663299663
DEV_FROZEN,76,MICRO_FINAL,269,0.7211895910780669,4.769516728624535
DEV_FROZEN,76,MACRO_XGB,269,0.10780669144981413,5.278810408921933
DEV_FROZEN,76,MACRO_LTD,269,0.0037174721189591076,18.442379182156134
DEV_FROZEN,76,MACRO_LTD_FINAL,269,0.09293680297397769,6.356877323420075
DEV_FROZEN,76,LTD_HYBRID_FINAL,269,0.7360594795539034,1.8921933085501859
DEV_FROZEN,77,MICRO_FINAL,257,0.007782101167315175,23.762645914396888
DEV_FROZEN,77,MACRO_XGB,257,0.01556420233463035,17.879377431906615
DEV_FROZEN,77,MACRO_LTD,257,0.0,43.249027237354085
DEV_FROZEN,77,MACRO_LTD_FINAL,257,0.011673151750972763,34.38910505836576
DEV_FROZEN,77,LTD_HYBRID_FINAL,257,0.01556420233463035,31.43190661478599
DEV_FROZEN,78,MICRO_FINAL,293,0.6655290102389079,7.255972696245734
DEV_FROZEN,78,MACRO_XGB,293,0.12286689419795221,3.9965870307167237
DEV_FROZEN,78,MACRO_LTD,293,0.0,28.177474402730375
DEV_FROZEN,78,MACRO_LTD_FINAL,293,0.006825938566552901,12.085324232081911
DEV_FROZEN,78,LTD_HYBRID_FINAL,293,0.6348122866894198,4.771331058020478
DEV_FROZEN,80,MICRO_FINAL,287,0.289198606271777,15.560975609756097
DEV_FROZEN,80,MACRO_XGB,287,0.8257839721254355,1.6620209059233448
DEV_FROZEN,80,MACRO_LTD,287,0.17770034843205576,14.930313588850174
DEV_FROZEN,80,MACRO_LTD_FINAL,287,0.8292682926829268,1.588850174216028
DEV_FROZEN,80,LTD_HYBRID_FINAL,287,0.6550522648083623,1.5679442508710801
DEV_FROZEN,81,MICRO_FINAL,238,0.5714285714285714,4.310924369747899
DEV_FROZEN,81,MACRO_XGB,238,0.226890756302521,5.071428571428571
DEV_FROZEN,81,MACRO_LTD,238,0.1722689075630252,5.189075630252101
DEV_FROZEN,81,MACRO_LTD_FINAL,238,0.29831932773109243,3.6470588235294117
DEV_FROZEN,81,LTD_HYBRID_FINAL,238,0.7394957983193278,1.9285714285714286
DEV_FROZEN,86,MICRO_FINAL,292,0.9143835616438356,1.1506849315068493
DEV_FROZEN,86,MACRO_XGB,292,0.9931506849315068,1.0068493150684932
DEV_FROZEN,86,MACRO_LTD,292,0.339041095890411,1.8869863013698631
DEV_FROZEN,86,MACRO_LTD_FINAL,292,0.9931506849315068,1.0068493150684932
DEV_FROZEN,86,LTD_HYBRID_FINAL,292,0.9486301369863014,1.082191780821918
DEV_FROZEN,89,MICRO_FINAL,273,0.8974358974358975,1.3553113553113554
DEV_FROZEN,89,MACRO_XGB,273,0.03296703296703297,11.234432234432234
DEV_FROZEN,89,MACRO_LTD,273,0.0,32.8021978021978
DEV_FROZEN,89,MACRO_LTD_FINAL,273,0.01098901098901099,20.6996336996337
DEV_FROZEN,89,LTD_HYBRID_FINAL,273,0.7912087912087912,1.9084249084249085
DEV_FROZEN,9,MICRO_FINAL,337,0.05934718100890208,18.106824925816024
DEV_FROZEN,9,MACRO_XGB,337,0.0,19.154302670623146
DEV_FROZEN,9,MACRO_LTD,337,0.0,13.154302670623146
DEV_FROZEN,9,MACRO_LTD_FINAL,337,0.002967359050445104,10.87833827893175
DEV_FROZEN,9,LTD_HYBRID_FINAL,337,0.026706231454005934,9.537091988130564
DEV_FROZEN,90,MICRO_FINAL,178,0.3146067415730337,6.320224719101123
DEV_FROZEN,90,MACRO_XGB,178,0.0,27.230337078651687
DEV_FROZEN,90,MACRO_LTD,178,0.0,18.48876404494382
DEV_FROZEN,90,MACRO_LTD_FINAL,178,0.0,20.786516853932586
DEV_FROZEN,90,LTD_HYBRID_FINAL,178,0.056179775280898875,11.589887640449438
DEV_FROZEN,92,MICRO_FINAL,286,0.5979020979020979,10.996503496503497
DEV_FROZEN,92,MACRO_XGB,286,0.006993006993006993,21.58041958041958
DEV_FROZEN,92,MACRO_LTD,286,0.01048951048951049,17.006993006993007
DEV_FROZEN,92,MACRO_LTD_FINAL,286,0.0034965034965034965,16.958041958041957
DEV_FROZEN,92,LTD_HYBRID_FINAL,286,0.4755244755244755,7.2272727272727275
DEV_FROZEN,96,MICRO_FINAL,290,0.6620689655172414,4.255172413793104
DEV_FROZEN,96,MACRO_XGB,290,0.07931034482758621,3.989655172413793
DEV_FROZEN,96,MACRO_LTD,290,0.027586206896551724,14.437931034482759
DEV_FROZEN,96,MACRO_LTD_FINAL,290,0.07931034482758621,3.3551724137931034
DEV_FROZEN,96,LTD_HYBRID_FINAL,290,0.6172413793103448,2.0172413793103448
DEV_FROZEN,97,MICRO_FINAL,282,0.07801418439716312,1.9680851063829787
DEV_FROZEN,97,MACRO_XGB,282,0.010638297872340425,2.4893617021276597
DEV_FROZEN,97,MACRO_LTD,282,0.7872340425531915,1.322695035460993
DEV_FROZEN,97,MACRO_LTD_FINAL,282,0.014184397163120567,2.3439716312056738
DEV_FROZEN,97,LTD_HYBRID_FINAL,282,0.05319148936170213,2.0
DEV_FROZEN,98,MICRO_FINAL,289,0.4740484429065744,7.83044982698962
DEV_FROZEN,98,MACRO_XGB,289,0.22837370242214533,4.159169550173011
DEV_FROZEN,98,MACRO_LTD,289,0.11764705882352941,14.193771626297577
DEV_FROZEN,98,MACRO_LTD_FINAL,289,0.4982698961937716,3.43598615916955
DEV_FROZEN,98,LTD_HYBRID_FINAL,289,0.6643598615916955,2.3044982698961936
HISTORICAL_FINAL,0,MICRO_FINAL,299,0.043478260869565216,19.06020066889632
HISTORICAL_FINAL,0,MACRO_XGB,299,0.6120401337792643,1.745819397993311
HISTORICAL_FINAL,0,MACRO_LTD,299,0.30434782608695654,4.709030100334449
HISTORICAL_FINAL,0,MACRO_LTD_FINAL,299,0.7224080267558528,1.7290969899665551
HISTORICAL_FINAL,0,LTD_HYBRID_FINAL,299,0.31438127090301005,2.632107023411371
HISTORICAL_FINAL,10,MICRO_FINAL,329,0.04559270516717325,19.699088145896656
HISTORICAL_FINAL,10,MACRO_XGB,329,0.0182370820668693,7.583586626139818
HISTORICAL_FINAL,10,MACRO_LTD,329,0.0,8.516717325227964
HISTORICAL_FINAL,10,MACRO_LTD_FINAL,329,0.0121580547112462,5.492401215805471
HISTORICAL_FINAL,10,LTD_HYBRID_FINAL,329,0.07598784194528875,6.358662613981763
HISTORICAL_FINAL,102,MICRO_FINAL,282,0.0,15.602836879432624
HISTORICAL_FINAL,102,MACRO_XGB,282,0.0673758865248227,5.035460992907802
HISTORICAL_FINAL,102,MACRO_LTD,282,0.04964539007092199,9.77304964539007
HISTORICAL_FINAL,102,MACRO_LTD_FINAL,282,0.06382978723404255,4.932624113475177
HISTORICAL_FINAL,102,LTD_HYBRID_FINAL,282,0.05319148936170213,5.663120567375887
HISTORICAL_FINAL,104,MICRO_FINAL,264,0.026515151515151516,43.359848484848484
HISTORICAL_FINAL,104,MACRO_XGB,264,0.5037878787878788,2.090909090909091
HISTORICAL_FINAL,104,MACRO_LTD,264,0.0,10.992424242424242
HISTORICAL_FINAL,104,MACRO_LTD_FINAL,264,0.4015151515151515,2.287878787878788
HISTORICAL_FINAL,104,LTD_HYBRID_FINAL,264,0.05303030303030303,6.0643939393939394
HISTORICAL_FINAL,105,MICRO_FINAL,276,0.40217391304347827,11.195652173913043
HISTORICAL_FINAL,105,MACRO_XGB,276,0.03985507246376811,6.641304347826087
HISTORICAL_FINAL,105,MACRO_LTD,276,0.010869565217391304,18.844202898550726
HISTORICAL_FINAL,105,MACRO_LTD_FINAL,276,0.014492753623188406,10.91304347826087
HISTORICAL_FINAL,105,LTD_HYBRID_FINAL,276,0.36231884057971014,6.286231884057971
HISTORICAL_FINAL,106,MICRO_FINAL,253,0.2608695652173913,6.679841897233201
HISTORICAL_FINAL,106,MACRO_XGB,253,0.019762845849802372,4.83794466403162
HISTORICAL_FINAL,106,MACRO_LTD,253,0.05533596837944664,6.913043478260869
HISTORICAL_FINAL,106,MACRO_LTD_FINAL,253,0.043478260869565216,5.1976284584980235
HISTORICAL_FINAL,106,LTD_HYBRID_FINAL,253,0.2134387351778656,3.6363636363636362
HISTORICAL_FINAL,107,MICRO_FINAL,236,0.029661016949152543,14.194915254237289
HISTORICAL_FINAL,107,MACRO_XGB,236,0.7711864406779662,1.4872881355932204
HISTORICAL_FINAL,107,MACRO_LTD,236,0.029661016949152543,21.0
HISTORICAL_FINAL,107,MACRO_LTD_FINAL,236,0.538135593220339,3.093220338983051
HISTORICAL_FINAL,107,LTD_HYBRID_FINAL,236,0.23728813559322035,4.211864406779661
HISTORICAL_FINAL,108,MICRO_FINAL,288,0.6458333333333334,5.322916666666667
HISTORICAL_FINAL,108,MACRO_XGB,288,0.8576388888888888,1.3784722222222223
HISTORICAL_FINAL,108,MACRO_LTD,288,0.4826388888888889,2.201388888888889
HISTORICAL_FINAL,108,MACRO_LTD_FINAL,288,0.9236111111111112,1.21875
HISTORICAL_FINAL,108,LTD_HYBRID_FINAL,288,0.96875,1.0451388888888888
HISTORICAL_FINAL,109,MICRO_FINAL,290,0.3793103448275862,4.220689655172414
HISTORICAL_FINAL,109,MACRO_XGB,290,0.29310344827586204,2.9793103448275864
HISTORICAL_FINAL,109,MACRO_LTD,290,0.08275862068965517,4.068965517241379
HISTORICAL_FINAL,109,MACRO_LTD_FINAL,290,0.13448275862068965,2.668965517241379
HISTORICAL_FINAL,109,LTD_HYBRID_FINAL,290,0.5655172413793104,1.7344827586206897
HISTORICAL_FINAL,11,MICRO_FINAL,303,0.15841584158415842,3.722772277227723
HISTORICAL_FINAL,11,MACRO_XGB,303,0.8052805280528053,1.7623762376237624
HISTORICAL_FINAL,11,MACRO_LTD,303,0.47194719471947194,2.6534653465346536
HISTORICAL_FINAL,11,MACRO_LTD_FINAL,303,0.9306930693069307,1.3564356435643565
HISTORICAL_FINAL,11,LTD_HYBRID_FINAL,303,0.8481848184818482,1.3597359735973598
HISTORICAL_FINAL,110,MICRO_FINAL,293,0.3003412969283277,3.1262798634812285
HISTORICAL_FINAL,110,MACRO_XGB,293,0.6450511945392492,2.112627986348123
HISTORICAL_FINAL,110,MACRO_LTD,293,0.29692832764505117,2.907849829351536
HISTORICAL_FINAL,110,MACRO_LTD_FINAL,293,0.7781569965870307,1.6177474402730376
HISTORICAL_FINAL,110,LTD_HYBRID_FINAL,293,0.4709897610921502,2.1774744027303754
HISTORICAL_FINAL,113,MICRO_FINAL,289,0.28027681660899656,8.1280276816609
HISTORICAL_FINAL,113,MACRO_XGB,289,0.03460207612456748,4.2456747404844295
HISTORICAL_FINAL,113,MACRO_LTD,289,0.0,11.698961937716263
HISTORICAL_FINAL,113,MACRO_LTD_FINAL,289,0.0,4.795847750865052
HISTORICAL_FINAL,113,LTD_HYBRID_FINAL,289,0.3494809688581315,3.8027681660899653
HISTORICAL_FINAL,117,MICRO_FINAL,289,0.9584775086505191,1.069204152249135
HISTORICAL_FINAL,117,MACRO_XGB,289,0.23529411764705882,2.093425605536332
HISTORICAL_FINAL,117,MACRO_LTD,289,0.0034602076124567475,2.792387543252595
HISTORICAL_FINAL,117,MACRO_LTD_FINAL,289,0.1522491349480969,2.2249134948096887
HISTORICAL_FINAL,117,LTD_HYBRID_FINAL,289,0.30103806228373703,1.7335640138408304
HISTORICAL_FINAL,12,MICRO_FINAL,312,0.08333333333333333,12.64423076923077
HISTORICAL_FINAL,12,MACRO_XGB,312,0.02564102564102564,6.5673076923076925
HISTORICAL_FINAL,12,MACRO_LTD,312,0.0,21.939102564102566
HISTORICAL_FINAL,12,MACRO_LTD_FINAL,312,0.019230769230769232,9.945512820512821
HISTORICAL_FINAL,12,LTD_HYBRID_FINAL,312,0.08333333333333333,7.996794871794871
HISTORICAL_FINAL,14,MICRO_FINAL,306,0.11764705882352941,23.11437908496732
HISTORICAL_FINAL,14,MACRO_XGB,306,0.013071895424836602,24.633986928104576
HISTORICAL_FINAL,14,MACRO_LTD,306,0.0,31.225490196078432
HISTORICAL_FINAL,14,MACRO_LTD_FINAL,306,0.00980392156862745,29.124183006535947
HISTORICAL_FINAL,14,LTD_HYBRID_FINAL,306,0.09803921568627451,25.477124183006534
HISTORICAL_FINAL,18,MICRO_FINAL,330,0.22121212121212122,4.2303030303030305
HISTORICAL_FINAL,18,MACRO_XGB,330,0.20909090909090908,5.957575757575758
HISTORICAL_FINAL,18,MACRO_LTD,330,0.0030303030303030303,22.293939393939393
HISTORICAL_FINAL,18,MACRO_LTD_FINAL,330,0.09090909090909091,10.090909090909092
HISTORICAL_FINAL,18,LTD_HYBRID_FINAL,330,0.21212121212121213,3.624242424242424
HISTORICAL_FINAL,2,MICRO_FINAL,287,0.010452961672473868,8.048780487804878
HISTORICAL_FINAL,2,MACRO_XGB,287,0.5087108013937283,1.9547038327526132
HISTORICAL_FINAL,2,MACRO_LTD,287,0.7700348432055749,1.5853658536585367
HISTORICAL_FINAL,2,MACRO_LTD_FINAL,287,0.8501742160278746,1.2439024390243902
HISTORICAL_FINAL,2,LTD_HYBRID_FINAL,287,0.5993031358885017,1.6724738675958188
HISTORICAL_FINAL,21,MICRO_FINAL,308,0.19480519480519481,18.457792207792206
HISTORICAL_FINAL,21,MACRO_XGB,308,0.022727272727272728,10.347402597402597
HISTORICAL_FINAL,21,MACRO_LTD,308,0.025974025974025976,7.402597402597403
HISTORICAL_FINAL,21,MACRO_LTD_FINAL,308,0.045454545454545456,6.5941558441558445
HISTORICAL_FINAL,21,LTD_HYBRID_FINAL,308,0.2824675324675325,6.516233766233766
HISTORICAL_FINAL,24,MICRO_FINAL,263,0.034220532319391636,16.03422053231939
HISTORICAL_FINAL,24,MACRO_XGB,263,0.09885931558935361,6.885931558935361
HISTORICAL_FINAL,24,MACRO_LTD,263,0.015209125475285171,9.368821292775666
HISTORICAL_FINAL,24,MACRO_LTD_FINAL,263,0.14068441064638784,5.5361216730038025
HISTORICAL_FINAL,24,LTD_HYBRID_FINAL,263,0.10266159695817491,5.5399239543726235
HISTORICAL_FINAL,25,MICRO_FINAL,312,0.07371794871794872,15.698717948717949
HISTORICAL_FINAL,25,MACRO_XGB,312,0.2403846153846154,3.96474358974359
HISTORICAL_FINAL,25,MACRO_LTD,312,0.0,30.30448717948718
HISTORICAL_FINAL,25,MACRO_LTD_FINAL,312,0.125,7.522435897435898
HISTORICAL_FINAL,25,LTD_HYBRID_FINAL,312,0.10256410256410256,6.7243589743589745
HISTORICAL_FINAL,27,MICRO_FINAL,310,0.0,49.84516129032258
HISTORICAL_FINAL,27,MACRO_XGB,310,0.04516129032258064,5.603225806451613
HISTORICAL_FINAL,27,MACRO_LTD,310,0.0,17.65806451612903
HISTORICAL_FINAL,27,MACRO_LTD_FINAL,310,0.02903225806451613,6.106451612903226
HISTORICAL_FINAL,27,LTD_HYBRID_FINAL,310,0.0,14.69032258064516
HISTORICAL_FINAL,28,MICRO_FINAL,286,0.9825174825174825,1.027972027972028
HISTORICAL_FINAL,28,MACRO_XGB,286,0.3881118881118881,4.541958041958042
HISTORICAL_FINAL,28,MACRO_LTD,286,0.4965034965034965,3.5839160839160837
HISTORICAL_FINAL,28,MACRO_LTD_FINAL,286,0.5384615384615384,2.5174825174825175
HISTORICAL_FINAL,28,LTD_HYBRID_FINAL,286,0.986013986013986,1.0174825174825175
HISTORICAL_FINAL,29,MICRO_FINAL,320,0.0875,29.559375
HISTORICAL_FINAL,29,MACRO_XGB,320,0.06875,4.390625
HISTORICAL_FINAL,29,MACRO_LTD,320,0.0,41.853125
HISTORICAL_FINAL,29,MACRO_LTD_FINAL,320,0.003125,18.3375
HISTORICAL_FINAL,29,LTD_HYBRID_FINAL,320,0.040625,18.13125
HISTORICAL_FINAL,31,MICRO_FINAL,289,0.328719723183391,5.2456747404844295
HISTORICAL_FINAL,31,MACRO_XGB,289,0.23529411764705882,2.5674740484429064
HISTORICAL_FINAL,31,MACRO_LTD,289,0.031141868512110725,7.664359861591696
HISTORICAL_FINAL,31,MACRO_LTD_FINAL,289,0.15570934256055363,3.972318339100346
HISTORICAL_FINAL,31,LTD_HYBRID_FINAL,289,0.33217993079584773,2.7301038062283736
HISTORICAL_FINAL,34,MICRO_FINAL,251,0.24302788844621515,3.944223107569721
HISTORICAL_FINAL,34,MACRO_XGB,251,0.7290836653386454,1.5418326693227091
HISTORICAL_FINAL,34,MACRO_LTD,251,0.0,36.832669322709165
HISTORICAL_FINAL,34,MACRO_LTD_FINAL,251,0.04780876494023904,4.442231075697211
HISTORICAL_FINAL,34,LTD_HYBRID_FINAL,251,0.41832669322709165,2.3386454183266934
HISTORICAL_FINAL,35,MICRO_FINAL,297,0.23905723905723905,12.239057239057239
HISTORICAL_FINAL,35,MACRO_XGB,297,0.09764309764309764,13.31986531986532
HISTORICAL_FINAL,35,MACRO_LTD,297,0.0,31.434343434343436
HISTORICAL_FINAL,35,MACRO_LTD_FINAL,297,0.030303030303030304,17.976430976430976
HISTORICAL_FINAL,35,LTD_HYBRID_FINAL,297,0.14814814814814814,9.905723905723907
HISTORICAL_FINAL,36,MICRO_FINAL,305,0.0,32.82622950819672
HISTORICAL_FINAL,36,MACRO_XGB,305,0.30491803278688523,6.268852459016394
HISTORICAL_FINAL,36,MACRO_LTD,305,0.009836065573770493,10.944262295081968
HISTORICAL_FINAL,36,MACRO_LTD_FINAL,305,0.3081967213114754,5.409836065573771
HISTORICAL_FINAL,36,LTD_HYBRID_FINAL,305,0.029508196721311476,8.186885245901639
HISTORICAL_FINAL,37,MICRO_FINAL,316,0.03481012658227848,19.813291139240505
HISTORICAL_FINAL,37,MACRO_XGB,316,0.08544303797468354,6.237341772151899
HISTORICAL_FINAL,37,MACRO_LTD,316,0.012658227848101266,25.89240506329114
HISTORICAL_FINAL,37,MACRO_LTD_FINAL,316,0.13291139240506328,9.253164556962025
HISTORICAL_FINAL,37,LTD_HYBRID_FINAL,316,0.060126582278481014,9.566455696202532
HISTORICAL_FINAL,39,MICRO_FINAL,284,0.11267605633802817,22.390845070422536
HISTORICAL_FINAL,39,MACRO_XGB,284,0.1936619718309859,4.943661971830986
HISTORICAL_FINAL,39,MACRO_LTD,284,0.22183098591549297,5.077464788732394
HISTORICAL_FINAL,39,MACRO_LTD_FINAL,284,0.528169014084507,3.4119718309859155
HISTORICAL_FINAL,39,LTD_HYBRID_FINAL,284,0.20422535211267606,4.911971830985915
HISTORICAL_FINAL,40,MICRO_FINAL,219,0.0730593607305936,16.579908675799086
HISTORICAL_FINAL,40,MACRO_XGB,219,0.0136986301369863,16.15068493150685
HISTORICAL_FINAL,40,MACRO_LTD,219,0.0821917808219178,12.894977168949772
HISTORICAL_FINAL,40,MACRO_LTD_FINAL,219,0.0228310502283105,12.200913242009133
HISTORICAL_FINAL,40,LTD_HYBRID_FINAL,219,0.0593607305936073,10.684931506849315
HISTORICAL_FINAL,41,MICRO_FINAL,267,0.011235955056179775,11.082397003745319
HISTORICAL_FINAL,41,MACRO_XGB,267,0.36704119850187267,4.112359550561798
HISTORICAL_FINAL,41,MACRO_LTD,267,0.26591760299625467,6.955056179775281
HISTORICAL_FINAL,41,MACRO_LTD_FINAL,267,0.7677902621722846,2.303370786516854
HISTORICAL_FINAL,41,LTD_HYBRID_FINAL,267,0.4232209737827715,2.662921348314607
HISTORICAL_FINAL,42,MICRO_FINAL,279,0.27956989247311825,3.8100358422939067
HISTORICAL_FINAL,42,MACRO_XGB,279,0.26523297491039427,2.92831541218638
HISTORICAL_FINAL,42,MACRO_LTD,279,0.06810035842293907,3.096774193548387
HISTORICAL_FINAL,42,MACRO_LTD_FINAL,279,0.2222222222222222,2.390681003584229
HISTORICAL_FINAL,42,LTD_HYBRID_FINAL,279,0.6774193548387096,1.5555555555555556
HISTORICAL_FINAL,43,MICRO_FINAL,260,0.18076923076923077,15.146153846153846
HISTORICAL_FINAL,43,MACRO_XGB,260,0.22692307692307692,3.0923076923076924
HISTORICAL_FINAL,43,MACRO_LTD,260,0.6192307692307693,2.3884615384615384
HISTORICAL_FINAL,43,MACRO_LTD_FINAL,260,0.6192307692307693,1.7346153846153847
HISTORICAL_FINAL,43,LTD_HYBRID_FINAL,260,0.3730769230769231,2.453846153846154
HISTORICAL_FINAL,45,MICRO_FINAL,273,0.06227106227106227,11.32967032967033
HISTORICAL_FINAL,45,MACRO_XGB,273,0.018315018315018316,9.956043956043956
HISTORICAL_FINAL,45,MACRO_LTD,273,0.007326007326007326,19.197802197802197
HISTORICAL_FINAL,45,MACRO_LTD_FINAL,273,0.03296703296703297,10.31868131868132
HISTORICAL_FINAL,45,LTD_HYBRID_FINAL,273,0.05860805860805861,7.197802197802198
HISTORICAL_FINAL,46,MICRO_FINAL,284,0.3908450704225352,11.626760563380282
HISTORICAL_FINAL,46,MACRO_XGB,284,0.13028169014084506,3.48943661971831
HISTORICAL_FINAL,46,MACRO_LTD,284,0.035211267605633804,5.904929577464789
HISTORICAL_FINAL,46,MACRO_LTD_FINAL,284,0.3028169014084507,2.8838028169014085
HISTORICAL_FINAL,46,LTD_HYBRID_FINAL,284,0.528169014084507,2.1971830985915495
HISTORICAL_FINAL,47,MICRO_FINAL,295,0.5525423728813559,6.5423728813559325
HISTORICAL_FINAL,47,MACRO_XGB,295,0.4542372881355932,2.2542372881355934
HISTORICAL_FINAL,47,MACRO_LTD,295,0.0,30.471186440677965
HISTORICAL_FINAL,47,MACRO_LTD_FINAL,295,0.07457627118644068,7.064406779661017
HISTORICAL_FINAL,47,LTD_HYBRID_FINAL,295,0.5796610169491525,4.057627118644068
HISTORICAL_FINAL,48,MICRO_FINAL,260,0.2,6.561538461538461
HISTORICAL_FINAL,48,MACRO_XGB,260,0.15384615384615385,3.753846153846154
HISTORICAL_FINAL,48,MACRO_LTD,260,0.47307692307692306,4.153846153846154
HISTORICAL_FINAL,48,MACRO_LTD_FINAL,260,0.3,2.8615384615384616
HISTORICAL_FINAL,48,LTD_HYBRID_FINAL,260,0.31153846153846154,2.1807692307692306
HISTORICAL_FINAL,50,MICRO_FINAL,290,0.0,31.951724137931034
HISTORICAL_FINAL,50,MACRO_XGB,290,0.013793103448275862,8.493103448275862
HISTORICAL_FINAL,50,MACRO_LTD,290,0.0034482758620689655,10.76551724137931
HISTORICAL_FINAL,50,MACRO_LTD_FINAL,290,0.017241379310344827,6.324137931034483
HISTORICAL_FINAL,50,LTD_HYBRID_FINAL,290,0.010344827586206896,9.279310344827586
HISTORICAL_FINAL,51,MICRO_FINAL,299,0.06688963210702341,20.304347826086957
HISTORICAL_FINAL,51,MACRO_XGB,299,0.5518394648829431,2.648829431438127
HISTORICAL_FINAL,51,MACRO_LTD,299,0.013377926421404682,7.969899665551839
HISTORICAL_FINAL,51,MACRO_LTD_FINAL,299,0.4280936454849498,2.702341137123746
HISTORICAL_FINAL,51,LTD_HYBRID_FINAL,299,0.17725752508361203,3.8862876254180603
HISTORICAL_FINAL,52,MICRO_FINAL,291,0.10652920962199312,8.993127147766323
HISTORICAL_FINAL,52,MACRO_XGB,291,0.10652920962199312,6.40893470790378
HISTORICAL_FINAL,52,MACRO_LTD,291,0.013745704467353952,25.742268041237114
HISTORICAL_FINAL,52,MACRO_LTD_FINAL,291,0.0859106529209622,10.838487972508592
HISTORICAL_FINAL,52,LTD_HYBRID_FINAL,291,0.12027491408934708,6.6563573883161515
HISTORICAL_FINAL,53,MICRO_FINAL,298,0.7919463087248322,2.4865771812080535
HISTORICAL_FINAL,53,MACRO_XGB,298,0.7684563758389261,1.5268456375838926
HISTORICAL_FINAL,53,MACRO_LTD,298,0.1174496644295302,13.946308724832214
HISTORICAL_FINAL,53,MACRO_LTD_FINAL,298,0.6208053691275168,2.61744966442953
HISTORICAL_FINAL,53,LTD_HYBRID_FINAL,298,0.8389261744966443,1.4228187919463087
HISTORICAL_FINAL,54,MICRO_FINAL,288,0.4409722222222222,19.20486111111111
HISTORICAL_FINAL,54,MACRO_XGB,288,0.017361111111111112,15.229166666666666
HISTORICAL_FINAL,54,MACRO_LTD,288,0.04513888888888889,18.35763888888889
HISTORICAL_FINAL,54,MACRO_LTD_FINAL,288,0.024305555555555556,14.479166666666666
HISTORICAL_FINAL,54,LTD_HYBRID_FINAL,288,0.4166666666666667,10.979166666666666
HISTORICAL_FINAL,55,MICRO_FINAL,281,0.7864768683274022,1.5907473309608542
HISTORICAL_FINAL,55,MACRO_XGB,281,0.3701067615658363,3.925266903914591
HISTORICAL_FINAL,55,MACRO_LTD,281,0.0071174377224199285,20.7864768683274
HISTORICAL_FINAL,55,MACRO_LTD_FINAL,281,0.1387900355871886,6.1886120996441285
HISTORICAL_FINAL,55,LTD_HYBRID_FINAL,281,0.9074733096085409,1.2704626334519573
HISTORICAL_FINAL,57,MICRO_FINAL,240,0.12916666666666668,23.820833333333333
HISTORICAL_FINAL,57,MACRO_XGB,240,0.0,12.6
HISTORICAL_FINAL,57,MACRO_LTD,240,0.041666666666666664,12.870833333333334
HISTORICAL_FINAL,57,MACRO_LTD_FINAL,240,0.020833333333333332,11.295833333333333
HISTORICAL_FINAL,57,LTD_HYBRID_FINAL,240,0.17083333333333334,9.433333333333334
HISTORICAL_FINAL,6,MICRO_FINAL,325,0.08307692307692308,20.993846153846153
HISTORICAL_FINAL,6,MACRO_XGB,325,0.14461538461538462,18.396923076923077
HISTORICAL_FINAL,6,MACRO_LTD,325,0.006153846153846154,9.34153846153846
HISTORICAL_FINAL,6,MACRO_LTD_FINAL,325,0.16,11.396923076923077
HISTORICAL_FINAL,6,LTD_HYBRID_FINAL,325,0.11076923076923077,11.612307692307692
HISTORICAL_FINAL,60,MICRO_FINAL,293,0.07508532423208192,20.737201365187712
HISTORICAL_FINAL,60,MACRO_XGB,293,0.09556313993174062,4.406143344709897
HISTORICAL_FINAL,60,MACRO_LTD,293,0.0,25.344709897610922
HISTORICAL_FINAL,60,MACRO_LTD_FINAL,293,0.010238907849829351,8.651877133105803
HISTORICAL_FINAL,60,LTD_HYBRID_FINAL,293,0.09215017064846416,11.79863481228669
HISTORICAL_FINAL,61,MICRO_FINAL,276,0.09420289855072464,20.659420289855074
HISTORICAL_FINAL,61,MACRO_XGB,276,0.05434782608695652,8.945652173913043
HISTORICAL_FINAL,61,MACRO_LTD,276,0.021739130434782608,4.199275362318841
HISTORICAL_FINAL,61,MACRO_LTD_FINAL,276,0.06884057971014493,4.4021739130434785
HISTORICAL_FINAL,61,LTD_HYBRID_FINAL,276,0.10507246376811594,5.721014492753623
HISTORICAL_FINAL,63,MICRO_FINAL,274,0.040145985401459854,9.941605839416058
HISTORICAL_FINAL,63,MACRO_XGB,274,0.032846715328467155,14.875912408759124
HISTORICAL_FINAL,63,MACRO_LTD,274,0.01824817518248175,8.784671532846716
HISTORICAL_FINAL,63,MACRO_LTD_FINAL,274,0.025547445255474453,9.054744525547445
HISTORICAL_FINAL,63,LTD_HYBRID_FINAL,274,0.06204379562043796,6.514598540145985
HISTORICAL_FINAL,68,MICRO_FINAL,289,0.27335640138408307,12.380622837370241
HISTORICAL_FINAL,68,MACRO_XGB,289,0.3079584775086505,2.8546712802768166
HISTORICAL_FINAL,68,MACRO_LTD,289,0.006920415224913495,16.996539792387544
HISTORICAL_FINAL,68,MACRO_LTD_FINAL,289,0.3494809688581315,3.9480968858131487
HISTORICAL_FINAL,68,LTD_HYBRID_FINAL,289,0.43252595155709345,4.737024221453288
HISTORICAL_FINAL,7,MICRO_FINAL,338,0.008875739644970414,9.1301775147929
HISTORICAL_FINAL,7,MACRO_XGB,338,0.014792899408284023,10.050295857988166
HISTORICAL_FINAL,7,MACRO_LTD,338,0.0,10.585798816568047
HISTORICAL_FINAL,7,MACRO_LTD_FINAL,338,0.005917159763313609,7.579881656804734
HISTORICAL_FINAL,7,LTD_HYBRID_FINAL,338,0.0029585798816568047,6.21301775147929
HISTORICAL_FINAL,71,MICRO_FINAL,289,0.41522491349480967,15.290657439446367
HISTORICAL_FINAL,71,MACRO_XGB,289,0.43944636678200694,3.41522491349481
HISTORICAL_FINAL,71,MACRO_LTD,289,0.09342560553633218,11.377162629757786
HISTORICAL_FINAL,71,MACRO_LTD_FINAL,289,0.36678200692041524,3.387543252595156
HISTORICAL_FINAL,71,LTD_HYBRID_FINAL,289,0.42214532871972316,3.01038062283737
HISTORICAL_FINAL,72,MICRO_FINAL,297,0.32323232323232326,10.932659932659933
HISTORICAL_FINAL,72,MACRO_XGB,297,0.1414141414141414,6.198653198653199
HISTORICAL_FINAL,72,MACRO_LTD,297,0.050505050505050504,14.52861952861953
HISTORICAL_FINAL,72,MACRO_LTD_FINAL,297,0.14814814814814814,6.397306397306397
HISTORICAL_FINAL,72,LTD_HYBRID_FINAL,297,0.38047138047138046,4.673400673400673
HISTORICAL_FINAL,76,MICRO_FINAL,269,0.43866171003717475,7.152416356877324
HISTORICAL_FINAL,76,MACRO_XGB,269,0.10408921933085502,4.855018587360595
HISTORICAL_FINAL,76,MACRO_LTD,269,0.0037174721189591076,9.319702602230484
HISTORICAL_FINAL,76,MACRO_LTD_FINAL,269,0.09665427509293681,3.840148698884758
HISTORICAL_FINAL,76,LTD_HYBRID_FINAL,269,0.550185873605948,2.550185873605948
HISTORICAL_FINAL,77,MICRO_FINAL,257,0.17898832684824903,8.299610894941635
HISTORICAL_FINAL,77,MACRO_XGB,257,0.027237354085603113,16.28793774319066
HISTORICAL_FINAL,77,MACRO_LTD,257,0.07003891050583658,19.295719844357976
HISTORICAL_FINAL,77,MACRO_LTD_FINAL,257,0.11673151750972763,15.972762645914397
HISTORICAL_FINAL,77,LTD_HYBRID_FINAL,257,0.13618677042801555,7.599221789883268
HISTORICAL_FINAL,78,MICRO_FINAL,293,0.32081911262798635,13.593856655290102
HISTORICAL_FINAL,78,MACRO_XGB,293,0.12627986348122866,3.825938566552901
HISTORICAL_FINAL,78,MACRO_LTD,293,0.0034129692832764505,19.447098976109213
HISTORICAL_FINAL,78,MACRO_LTD_FINAL,293,0.013651877133105802,6.494880546075085
HISTORICAL_FINAL,78,LTD_HYBRID_FINAL,293,0.33447098976109213,5.075085324232082
HISTORICAL_FINAL,80,MICRO_FINAL,287,0.4564459930313589,12.501742160278745
HISTORICAL_FINAL,80,MACRO_XGB,287,0.8083623693379791,1.721254355400697
HISTORICAL_FINAL,80,MACRO_LTD,287,0.0,20.89198606271777
HISTORICAL_FINAL,80,MACRO_LTD_FINAL,287,0.5400696864111498,2.4146341463414633
HISTORICAL_FINAL,80,LTD_HYBRID_FINAL,287,0.6445993031358885,2.0801393728222997
HISTORICAL_FINAL,81,MICRO_FINAL,238,0.029411764705882353,12.289915966386555
HISTORICAL_FINAL,81,MACRO_XGB,238,0.16806722689075632,5.420168067226891
HISTORICAL_FINAL,81,MACRO_LTD,238,0.03361344537815126,8.605042016806722
HISTORICAL_FINAL,81,MACRO_LTD_FINAL,238,0.22268907563025211,5.054621848739496
HISTORICAL_FINAL,81,LTD_HYBRID_FINAL,238,0.08403361344537816,4.907563025210084
HISTORICAL_FINAL,86,MICRO_FINAL,292,0.003424657534246575,2.993150684931507
HISTORICAL_FINAL,86,MACRO_XGB,292,0.2602739726027397,2.452054794520548
HISTORICAL_FINAL,86,MACRO_LTD,292,0.2054794520547945,2.0239726027397262
HISTORICAL_FINAL,86,MACRO_LTD_FINAL,292,0.2568493150684932,2.345890410958904
HISTORICAL_FINAL,86,LTD_HYBRID_FINAL,292,0.010273972602739725,2.952054794520548
HISTORICAL_FINAL,89,MICRO_FINAL,273,0.6153846153846154,3.120879120879121
HISTORICAL_FINAL,89,MACRO_XGB,273,0.02197802197802198,10.128205128205128
HISTORICAL_FINAL,89,MACRO_LTD,273,0.003663003663003663,16.776556776556777
HISTORICAL_FINAL,89,MACRO_LTD_FINAL,273,0.029304029304029304,9.586080586080586
HISTORICAL_FINAL,89,LTD_HYBRID_FINAL,273,0.6043956043956044,2.7326007326007327
HISTORICAL_FINAL,9,MICRO_FINAL,337,0.0,44.09495548961424
HISTORICAL_FINAL,9,MACRO_XGB,337,0.005934718100890208,16.4540059347181
HISTORICAL_FINAL,9,MACRO_LTD,337,0.0,23.673590504451038
HISTORICAL_FINAL,9,MACRO_LTD_FINAL,337,0.008902077151335312,18.537091988130562
HISTORICAL_FINAL,9,LTD_HYBRID_FINAL,337,0.0,24.326409495548962
HISTORICAL_FINAL,90,MICRO_FINAL,178,0.0056179775280898875,52.56741573033708
HISTORICAL_FINAL,90,MACRO_XGB,178,0.0,24.94943820224719
HISTORICAL_FINAL,90,MACRO_LTD,178,0.0,21.02247191011236
HISTORICAL_FINAL,90,MACRO_LTD_FINAL,178,0.0,22.0
HISTORICAL_FINAL,90,LTD_HYBRID_FINAL,178,0.0,28.865168539325843
HISTORICAL_FINAL,92,MICRO_FINAL,286,0.1258741258741259,29.86013986013986
HISTORICAL_FINAL,92,MACRO_XGB,286,0.006993006993006993,15.98951048951049
HISTORICAL_FINAL,92,MACRO_LTD,286,0.006993006993006993,18.755244755244757
HISTORICAL_FINAL,92,MACRO_LTD_FINAL,286,0.0034965034965034965,15.832167832167832
HISTORICAL_FINAL,92,LTD_HYBRID_FINAL,286,0.0979020979020979,15.195804195804195
HISTORICAL_FINAL,96,MICRO_FINAL,290,0.3310344827586207,7.713793103448276
HISTORICAL_FINAL,96,MACRO_XGB,290,0.2206896551724138,2.472413793103448
HISTORICAL_FINAL,96,MACRO_LTD,290,0.8793103448275862,1.2655172413793103
HISTORICAL_FINAL,96,MACRO_LTD_FINAL,290,0.6655172413793103,1.3793103448275863
HISTORICAL_FINAL,96,LTD_HYBRID_FINAL,290,0.5689655172413793,1.6206896551724137
HISTORICAL_FINAL,97,MICRO_FINAL,282,0.01773049645390071,1.9822695035460993
HISTORICAL_FINAL,97,MACRO_XGB,282,0.2872340425531915,1.8936170212765957
HISTORICAL_FINAL,97,MACRO_LTD,282,0.9326241134751773,1.0673758865248226
HISTORICAL_FINAL,97,MACRO_LTD_FINAL,282,0.4397163120567376,1.673758865248227
HISTORICAL_FINAL,97,LTD_HYBRID_FINAL,282,0.5354609929078015,1.4645390070921986
HISTORICAL_FINAL,98,MICRO_FINAL,289,0.2041522491349481,14.512110726643598
HISTORICAL_FINAL,98,MACRO_XGB,289,0.28027681660899656,4.083044982698962
HISTORICAL_FINAL,98,MACRO_LTD,289,0.06228373702422145,18.53979238754325
HISTORICAL_FINAL,98,MACRO_LTD_FINAL,289,0.3633217993079585,4.114186851211072
HISTORICAL_FINAL,98,LTD_HYBRID_FINAL,289,0.34256055363321797,4.705882352941177
