track,comparison,reference,candidate,metric,observed_delta,bootstrap_mean,ci95_low,ci95_high,fraction_delta_gt_0
DEV_FROZEN,ACTUAL_HYBRID_vs_MICRO,MICRO,ACTUAL_HYBRID,accuracy,0.06336622984414603,0.06337286237911854,0.05869509865480418,0.06738356482306725,1.0
DEV_FROZEN,ACTUAL_HYBRID_vs_MICRO,MICRO,ACTUAL_HYBRID,macro_f1,0.05125864459765661,0.05126916649178131,0.0459061526369115,0.056234237955816155,1.0
DEV_FROZEN,ACTUAL_HYBRID_vs_MICRO,MICRO,ACTUAL_HYBRID,top5_accuracy,0.0817019899692607,0.08161292054682392,0.07509704972529804,0.08751842184680912,1.0
DEV_FROZEN,ACTUAL_HYBRID_vs_MICRO,MICRO,ACTUAL_HYBRID,mrr,0.06914652557091128,0.06909504076394034,0.06600180274005896,0.07174481934185055,1.0
DEV_FROZEN,MICRO_XGB_OUTER55_vs_MICRO,MICRO,MICRO_XGB_OUTER55,accuracy,0.06579302162541117,0.06576883340987098,0.0623051940233447,0.06984289510853366,1.0
DEV_FROZEN,MICRO_XGB_OUTER55_vs_MICRO,MICRO,MICRO_XGB_OUTER55,macro_f1,0.04424082368606297,0.044152634252379155,0.04076759929060805,0.047883302701124036,1.0
DEV_FROZEN,MICRO_XGB_OUTER55_vs_MICRO,MICRO,MICRO_XGB_OUTER55,top5_accuracy,0.08278056409426737,0.08267440583428026,0.07660953883271326,0.08853800747018517,1.0
DEV_FROZEN,MICRO_XGB_OUTER55_vs_MICRO,MICRO,MICRO_XGB_OUTER55,mrr,0.07169059716137938,0.07163434920382035,0.06842783849383915,0.07467922446127517,1.0
DEV_FROZEN,MICRO_LTD_OUTER55_vs_MICRO,MICRO,MICRO_LTD_OUTER55,accuracy,-0.06881302917543008,-0.06879810972015098,-0.07542092760225269,-0.06203708101399691,0.0
DEV_FROZEN,MICRO_LTD_OUTER55_vs_MICRO,MICRO,MICRO_LTD_OUTER55,macro_f1,-0.06584555681293519,-0.06578630887856926,-0.07279814180419153,-0.05911300809294297,0.0
DEV_FROZEN,MICRO_LTD_OUTER55_vs_MICRO,MICRO,MICRO_LTD_OUTER55,top5_accuracy,-0.10483740495065519,-0.10507002995209498,-0.11140231265812399,-0.09990620902651237,0.0
DEV_FROZEN,MICRO_LTD_OUTER55_vs_MICRO,MICRO,MICRO_LTD_OUTER55,mrr,-0.07584397819829919,-0.07592039914778952,-0.08095155789858774,-0.07081971377517918,0.0
DEV_FROZEN,ACTUAL_HYBRID_vs_NO_LTD_RENORM,HYBRID_NO_LTD_RENORM,ACTUAL_HYBRID,accuracy,0.0029121501375182213,0.00287667800780787,-0.0015686585678525446,0.007113964234792079,0.9015
DEV_FROZEN,ACTUAL_HYBRID_vs_NO_LTD_RENORM,HYBRID_NO_LTD_RENORM,ACTUAL_HYBRID,macro_f1,0.0015375111547993314,0.0015325911735882092,-0.003546565073721564,0.006445374615079181,0.7315
DEV_FROZEN,ACTUAL_HYBRID_vs_NO_LTD_RENORM,HYBRID_NO_LTD_RENORM,ACTUAL_HYBRID,top5_accuracy,-0.007010731812543747,-0.007033440399382776,-0.009636200218644888,-0.004813022425243965,0.0
DEV_FROZEN,ACTUAL_HYBRID_vs_NO_LTD_RENORM,HYBRID_NO_LTD_RENORM,ACTUAL_HYBRID,mrr,-0.002024249035922021,-0.0020600566195397197,-0.0049482421725505045,0.0006206320816048414,0.075
DEV_FROZEN,ACTUAL_HYBRID_vs_NO_XGB_RENORM,HYBRID_NO_XGB_RENORM,ACTUAL_HYBRID,accuracy,0.04794261985654963,0.04794009808084964,0.0427632877204293,0.05280075053469833,1.0
DEV_FROZEN,ACTUAL_HYBRID_vs_NO_XGB_RENORM,HYBRID_NO_XGB_RENORM,ACTUAL_HYBRID,macro_f1,0.034714724618444326,0.034690103933484026,0.028854153038143995,0.04016842146632566,1.0
DEV_FROZEN,ACTUAL_HYBRID_vs_NO_XGB_RENORM,HYBRID_NO_XGB_RENORM,ACTUAL_HYBRID,top5_accuracy,0.08315806503801981,0.08324201429955087,0.0780533140074605,0.08893717906962052,1.0
DEV_FROZEN,ACTUAL_HYBRID_vs_NO_XGB_RENORM,HYBRID_NO_XGB_RENORM,ACTUAL_HYBRID,mrr,0.057372945415454124,0.05736971335514375,0.05420314915223146,0.060405267729204605,1.0
DEV_FROZEN,ACTUAL_HYBRID_vs_MICRO_XGB_OUTER55,MICRO_XGB_OUTER55,ACTUAL_HYBRID,accuracy,-0.0024267917812651474,-0.002395971030752446,-0.008225027422397044,0.0033209674250309013,0.2165
DEV_FROZEN,ACTUAL_HYBRID_vs_MICRO_XGB_OUTER55,MICRO_XGB_OUTER55,ACTUAL_HYBRID,macro_f1,0.007017820911593642,0.0071165322394021535,0.0012128933760787177,0.01239439600208942,0.9925
DEV_FROZEN,ACTUAL_HYBRID_vs_MICRO_XGB_OUTER55,MICRO_XGB_OUTER55,ACTUAL_HYBRID,top5_accuracy,-0.0010785741250066705,-0.0010614852874563391,-0.0036537944941800486,0.0014525307873586983,0.1855
DEV_FROZEN,ACTUAL_HYBRID_vs_MICRO_XGB_OUTER55,MICRO_XGB_OUTER55,ACTUAL_HYBRID,mrr,-0.0025440715904681,-0.00253930843988002,-0.005481295776569814,0.0003679432093906751,0.0445
DEV_FROZEN,ACTUAL_HYBRID_vs_MICRO_LTD_OUTER55,MICRO_LTD_OUTER55,ACTUAL_HYBRID,accuracy,0.1321792590195761,0.13217097209926953,0.1247406298375651,0.14022619089096658,1.0
DEV_FROZEN,ACTUAL_HYBRID_vs_MICRO_LTD_OUTER55,MICRO_LTD_OUTER55,ACTUAL_HYBRID,macro_f1,0.1171042014105918,0.11705547537035056,0.1096675247864605,0.12504918243376112,1.0
DEV_FROZEN,ACTUAL_HYBRID_vs_MICRO_LTD_OUTER55,MICRO_LTD_OUTER55,ACTUAL_HYBRID,top5_accuracy,0.1865393949199159,0.1866829504989189,0.18193521259280113,0.1913894054880923,1.0
DEV_FROZEN,ACTUAL_HYBRID_vs_MICRO_LTD_OUTER55,MICRO_LTD_OUTER55,ACTUAL_HYBRID,mrr,0.14499050376921047,0.14501543991172983,0.14004802801766733,0.15009947931623163,1.0
HISTORICAL_FINAL,ACTUAL_HYBRID_vs_MICRO,MICRO,ACTUAL_HYBRID,accuracy,0.08040770101925254,0.08037186672980957,0.07692697262222506,0.08376351752151834,1.0
HISTORICAL_FINAL,ACTUAL_HYBRID_vs_MICRO,MICRO,ACTUAL_HYBRID,macro_f1,0.08101209167516846,0.08089463134535442,0.07635685501191723,0.08507046179205781,1.0
HISTORICAL_FINAL,ACTUAL_HYBRID_vs_MICRO,MICRO,ACTUAL_HYBRID,top5_accuracy,0.1582807528447393,0.15829259068172502,0.1530672539863343,0.16385112241310149,1.0
HISTORICAL_FINAL,ACTUAL_HYBRID_vs_MICRO,MICRO,ACTUAL_HYBRID,mrr,0.11101887928723408,0.11096592081021964,0.10809751566737455,0.1137835482138639,1.0
HISTORICAL_FINAL,MICRO_XGB_OUTER55_vs_MICRO,MICRO,MICRO_XGB_OUTER55,accuracy,0.08790379118804942,0.08788899846598928,0.08311523922671016,0.09301193421532421,1.0
HISTORICAL_FINAL,MICRO_XGB_OUTER55_vs_MICRO,MICRO,MICRO_XGB_OUTER55,macro_f1,0.07940115849211063,0.07928753380844906,0.07360421577630671,0.08519371797938743,1.0
HISTORICAL_FINAL,MICRO_XGB_OUTER55_vs_MICRO,MICRO,MICRO_XGB_OUTER55,top5_accuracy,0.16297255028851865,0.16297788909539354,0.15655161882471424,0.1694439023850599,1.0
HISTORICAL_FINAL,MICRO_XGB_OUTER55_vs_MICRO,MICRO,MICRO_XGB_OUTER55,mrr,0.11737780812104537,0.117365780635835,0.11415777536314103,0.12082070836548671,1.0
HISTORICAL_FINAL,MICRO_LTD_OUTER55_vs_MICRO,MICRO,MICRO_LTD_OUTER55,accuracy,0.026532923475165837,0.026452193967140058,0.02163396128509684,0.03063475928606635,1.0
HISTORICAL_FINAL,MICRO_LTD_OUTER55_vs_MICRO,MICRO,MICRO_LTD_OUTER55,macro_f1,0.025908104819855504,0.02575687318459878,0.020024635121070163,0.031224298303708427,1.0
HISTORICAL_FINAL,MICRO_LTD_OUTER55_vs_MICRO,MICRO,MICRO_LTD_OUTER55,top5_accuracy,0.011756457962573519,0.011680375590691674,0.0026529735804048243,0.019919889660138575,0.9925
HISTORICAL_FINAL,MICRO_LTD_OUTER55_vs_MICRO,MICRO,MICRO_LTD_OUTER55,mrr,0.022449798875265492,0.022348232480319127,0.01790485270360329,0.026250972008859567,1.0
HISTORICAL_FINAL,ACTUAL_HYBRID_vs_NO_LTD_RENORM,HYBRID_NO_LTD_RENORM,ACTUAL_HYBRID,accuracy,0.023297201100145604,0.0233067977823234,0.018549482688548016,0.027680382916856813,1.0
HISTORICAL_FINAL,ACTUAL_HYBRID_vs_NO_LTD_RENORM,HYBRID_NO_LTD_RENORM,ACTUAL_HYBRID,macro_f1,0.025291979393562647,0.025306030451320887,0.02041910548883438,0.030027167110768572,1.0
HISTORICAL_FINAL,ACTUAL_HYBRID_vs_NO_LTD_RENORM,HYBRID_NO_LTD_RENORM,ACTUAL_HYBRID,top5_accuracy,0.0205468370813785,0.020576039446840517,0.016104933757021343,0.024889596935871946,1.0
HISTORICAL_FINAL,ACTUAL_HYBRID_vs_NO_LTD_RENORM,HYBRID_NO_LTD_RENORM,ACTUAL_HYBRID,mrr,0.020503786333428198,0.020473637227882285,0.017112314904972267,0.023667619326307714,1.0
HISTORICAL_FINAL,ACTUAL_HYBRID_vs_NO_XGB_RENORM,HYBRID_NO_XGB_RENORM,ACTUAL_HYBRID,accuracy,0.0545758507253411,0.0546094421945956,0.051265818481234994,0.057607025854528614,1.0
HISTORICAL_FINAL,ACTUAL_HYBRID_vs_NO_XGB_RENORM,HYBRID_NO_XGB_RENORM,ACTUAL_HYBRID,macro_f1,0.04820059285832279,0.048242085660223956,0.04439796507368438,0.05154929318602232,1.0
HISTORICAL_FINAL,ACTUAL_HYBRID_vs_NO_XGB_RENORM,HYBRID_NO_XGB_RENORM,ACTUAL_HYBRID,top5_accuracy,0.11060777651944131,0.11066411750951045,0.10613452340158525,0.11590857478883178,1.0
HISTORICAL_FINAL,ACTUAL_HYBRID_vs_NO_XGB_RENORM,HYBRID_NO_XGB_RENORM,ACTUAL_HYBRID,mrr,0.0731857805065515,0.07321767334986702,0.0712799153864046,0.07515956128091796,1.0
HISTORICAL_FINAL,ACTUAL_HYBRID_vs_MICRO_XGB_OUTER55,MICRO_XGB_OUTER55,ACTUAL_HYBRID,accuracy,-0.007496090168796876,-0.007517131736179702,-0.012204225985911966,-0.0030733508174463652,0.0
HISTORICAL_FINAL,ACTUAL_HYBRID_vs_MICRO_XGB_OUTER55,MICRO_XGB_OUTER55,ACTUAL_HYBRID,macro_f1,0.0016109331830578277,0.0016070975369053607,-0.0030276993097082387,0.006538254999587083,0.7475
HISTORICAL_FINAL,ACTUAL_HYBRID_vs_MICRO_XGB_OUTER55,MICRO_XGB_OUTER55,ACTUAL_HYBRID,top5_accuracy,-0.004691797443779344,-0.004685298413668532,-0.008488634066986842,-0.0009693577916980335,0.0055
HISTORICAL_FINAL,ACTUAL_HYBRID_vs_MICRO_XGB_OUTER55,MICRO_XGB_OUTER55,ACTUAL_HYBRID,mrr,-0.006358928833811284,-0.0063998598256153495,-0.009463264978342914,-0.0036084005481413456,0.0
HISTORICAL_FINAL,ACTUAL_HYBRID_vs_MICRO_LTD_OUTER55,MICRO_LTD_OUTER55,ACTUAL_HYBRID,accuracy,0.053874777544086705,0.05391967276266952,0.05005776557635852,0.0580061682938294,1.0
HISTORICAL_FINAL,ACTUAL_HYBRID_vs_MICRO_LTD_OUTER55,MICRO_LTD_OUTER55,ACTUAL_HYBRID,macro_f1,0.05510398685531295,0.05513775816075565,0.05113150340796731,0.05976482649472981,1.0
HISTORICAL_FINAL,ACTUAL_HYBRID_vs_MICRO_LTD_OUTER55,MICRO_LTD_OUTER55,ACTUAL_HYBRID,top5_accuracy,0.14652429488216578,0.14661221509103337,0.1413103457931098,0.1530142968998962,1.0
HISTORICAL_FINAL,ACTUAL_HYBRID_vs_MICRO_LTD_OUTER55,MICRO_LTD_OUTER55,ACTUAL_HYBRID,mrr,0.08856908041196859,0.08861768832990052,0.0861783061928414,0.09157413814877055,1.0
