track,variant,site_label,n,accuracy,top5_accuracy,mrr,mean_true_rank
DEV_FROZEN,MICRO,0,299,0.5852842809364549,0.8662207357859532,0.7171137795204628,4.9799331103678925
DEV_FROZEN,MICRO,10,329,0.47416413373860183,0.7082066869300911,0.5781240171697801,11.443768996960486
DEV_FROZEN,MICRO,102,282,0.2198581560283688,0.8297872340425532,0.4743886325997596,4.808510638297872
DEV_FROZEN,MICRO,104,264,0.2689393939393939,0.6212121212121212,0.41123885244111613,16.064393939393938
DEV_FROZEN,MICRO,105,276,0.5253623188405797,0.7028985507246377,0.6063523111567161,12.184782608695652
DEV_FROZEN,MICRO,106,253,0.6442687747035574,0.841897233201581,0.7393436397152747,3.814229249011858
DEV_FROZEN,MICRO,107,236,0.3177966101694915,0.7669491525423728,0.5206517573820529,6.478813559322034
DEV_FROZEN,MICRO,108,288,0.7743055555555556,0.8541666666666666,0.8125678138019512,4.888888888888889
DEV_FROZEN,MICRO,109,290,0.5758620689655173,0.7724137931034483,0.6747177723525695,5.4862068965517246
DEV_FROZEN,MICRO,11,303,0.5346534653465347,0.8778877887788779,0.6767774506591052,3.5016501650165015
DEV_FROZEN,MICRO,110,293,0.6757679180887372,0.9931740614334471,0.7868031854379977,1.7542662116040955
DEV_FROZEN,MICRO,113,289,0.49480968858131485,0.8096885813148789,0.6334703880259072,5.0
DEV_FROZEN,MICRO,117,289,0.3356401384083045,1.0,0.5749711649365629,2.2214532871972317
DEV_FROZEN,MICRO,12,312,0.4423076923076923,0.7788461538461539,0.5976933539683592,5.076923076923077
DEV_FROZEN,MICRO,14,306,0.16993464052287582,0.3888888888888889,0.28094385855683124,23.57843137254902
DEV_FROZEN,MICRO,18,330,0.6363636363636364,0.896969696969697,0.7512898196203932,4.257575757575758
DEV_FROZEN,MICRO,2,287,0.2926829268292683,0.6411149825783972,0.4473339045969561,11.526132404181185
DEV_FROZEN,MICRO,21,308,0.44805194805194803,0.8993506493506493,0.6296597670175823,2.737012987012987
DEV_FROZEN,MICRO,24,263,0.3574144486692015,0.5665399239543726,0.45535550833728106,16.844106463878326
DEV_FROZEN,MICRO,25,312,0.4391025641025641,0.7756410256410257,0.5876479827762707,4.698717948717949
DEV_FROZEN,MICRO,27,310,0.2161290322580645,0.6129032258064516,0.3907778542694801,16.838709677419356
DEV_FROZEN,MICRO,28,286,0.4825174825174825,0.8076923076923077,0.6094764917380139,3.7552447552447554
DEV_FROZEN,MICRO,29,320,0.33125,0.6,0.44089283874971985,18.634375
DEV_FROZEN,MICRO,31,289,0.8235294117647058,0.9100346020761245,0.8683302707778647,2.982698961937716
DEV_FROZEN,MICRO,34,251,0.4262948207171315,0.8326693227091634,0.5985529297835033,4.47410358565737
DEV_FROZEN,MICRO,35,297,0.20875420875420875,0.5420875420875421,0.3648915847967861,8.333333333333334
DEV_FROZEN,MICRO,36,305,0.05901639344262295,0.4524590163934426,0.22704364632503443,10.691803278688525
DEV_FROZEN,MICRO,37,316,0.31645569620253167,0.4936708860759494,0.41182473013382237,15.677215189873417
DEV_FROZEN,MICRO,39,284,0.1443661971830986,0.5070422535211268,0.3043997003844386,9.133802816901408
DEV_FROZEN,MICRO,40,219,0.4200913242009132,0.730593607305936,0.5534201767897318,6.575342465753424
DEV_FROZEN,MICRO,41,267,0.30711610486891383,0.7378277153558053,0.4969452404983311,6.8277153558052435
DEV_FROZEN,MICRO,42,279,0.46236559139784944,0.7383512544802867,0.5795567401335986,8.10394265232975
DEV_FROZEN,MICRO,43,260,0.5269230769230769,0.8,0.6425258500150687,5.565384615384615
DEV_FROZEN,MICRO,45,273,0.5238095238095238,0.8278388278388278,0.6582217832523539,3.318681318681319
DEV_FROZEN,MICRO,46,284,0.3873239436619718,0.7077464788732394,0.5338686203350933,10.619718309859154
DEV_FROZEN,MICRO,47,295,0.6237288135593221,0.8372881355932204,0.7143825708516462,5.840677966101695
DEV_FROZEN,MICRO,48,260,0.3230769230769231,0.6346153846153846,0.48536584084480333,8.580769230769231
DEV_FROZEN,MICRO,50,290,0.2482758620689655,0.5172413793103449,0.364706128315795,15.593103448275862
DEV_FROZEN,MICRO,51,299,0.006688963210702341,0.17725752508361203,0.10299166204520686,24.51505016722408
DEV_FROZEN,MICRO,52,291,0.5395189003436426,0.8109965635738832,0.6614847843489997,6.86254295532646
DEV_FROZEN,MICRO,53,298,0.674496644295302,0.8523489932885906,0.7610677236736912,4.218120805369128
DEV_FROZEN,MICRO,54,288,0.875,0.9270833333333334,0.9010234836791847,2.7465277777777777
DEV_FROZEN,MICRO,55,281,0.12455516014234876,0.594306049822064,0.3234850066855853,11.227758007117437
DEV_FROZEN,MICRO,57,240,0.30416666666666664,0.6333333333333333,0.4539671177220531,12.8625
DEV_FROZEN,MICRO,6,325,0.6276923076923077,0.8369230769230769,0.7202738224608236,5.310769230769231
DEV_FROZEN,MICRO,60,293,0.33447098976109213,0.7201365187713311,0.5025466216941333,7.296928327645051
DEV_FROZEN,MICRO,61,276,0.2391304347826087,0.8586956521739131,0.48623818304032546,3.4166666666666665
DEV_FROZEN,MICRO,63,274,0.42700729927007297,0.7153284671532847,0.5528667656675108,9.065693430656934
DEV_FROZEN,MICRO,68,289,0.754325259515571,0.8650519031141869,0.8080497687305204,5.328719723183391
DEV_FROZEN,MICRO,7,338,0.10355029585798817,0.5384615384615384,0.3025136296721263,9.99112426035503
DEV_FROZEN,MICRO,71,289,0.25951557093425603,0.5467128027681661,0.3820771738606575,15.844290657439446
DEV_FROZEN,MICRO,72,297,0.4781144781144781,0.6868686868686869,0.5807937593098377,8.373737373737374
DEV_FROZEN,MICRO,76,269,0.7211895910780669,0.8847583643122676,0.7897286471717346,4.769516728624535
DEV_FROZEN,MICRO,77,257,0.007782101167315175,0.14396887159533073,0.10811381304383731,23.762645914396888
DEV_FROZEN,MICRO,78,293,0.6655290102389079,0.7610921501706485,0.7134034810083156,7.255972696245734
DEV_FROZEN,MICRO,80,287,0.289198606271777,0.5226480836236934,0.408481362145583,15.560975609756097
DEV_FROZEN,MICRO,81,238,0.5714285714285714,0.8109243697478992,0.6818086774651594,4.310924369747899
DEV_FROZEN,MICRO,86,292,0.9143835616438356,1.0,0.9463470319634705,1.1506849315068493
DEV_FROZEN,MICRO,89,273,0.8974358974358975,0.989010989010989,0.9412021966031785,1.3553113553113554
DEV_FROZEN,MICRO,9,337,0.05934718100890208,0.29080118694362017,0.17493720831206752,18.106824925816024
DEV_FROZEN,MICRO,90,178,0.3146067415730337,0.7415730337078652,0.4927389574876293,6.320224719101123
DEV_FROZEN,MICRO,92,286,0.5979020979020979,0.7762237762237763,0.6794132211652834,10.996503496503497
DEV_FROZEN,MICRO,96,290,0.6620689655172414,0.8620689655172413,0.7501589358266805,4.255172413793104
DEV_FROZEN,MICRO,97,282,0.07801418439716312,1.0,0.5313238770685579,1.9680851063829787
DEV_FROZEN,MICRO,98,289,0.4740484429065744,0.7439446366782007,0.5985927050524856,7.83044982698962
DEV_FROZEN,MICRO_XGB_OUTER55,0,299,0.822742474916388,0.979933110367893,0.8903142750968838,1.3879598662207357
DEV_FROZEN,MICRO_XGB_OUTER55,10,329,0.5045592705167173,0.7203647416413373,0.6088062880780071,5.613981762917933
DEV_FROZEN,MICRO_XGB_OUTER55,102,282,0.3404255319148936,0.9148936170212766,0.5799644504431739,2.74468085106383
DEV_FROZEN,MICRO_XGB_OUTER55,104,264,0.4962121212121212,0.9545454545454546,0.6870850424827697,2.1931818181818183
DEV_FROZEN,MICRO_XGB_OUTER55,105,276,0.48188405797101447,0.7572463768115942,0.6038591384436984,4.271739130434782
DEV_FROZEN,MICRO_XGB_OUTER55,106,253,0.7628458498023716,0.9881422924901185,0.8589968003011481,1.4229249011857708
DEV_FROZEN,MICRO_XGB_OUTER55,107,236,0.75,0.9957627118644068,0.8631591337099812,1.3898305084745763
DEV_FROZEN,MICRO_XGB_OUTER55,108,288,0.9618055555555556,1.0,0.9748842592592593,1.0902777777777777
DEV_FROZEN,MICRO_XGB_OUTER55,109,290,0.6310344827586207,0.896551724137931,0.7507047454461248,2.2655172413793103
DEV_FROZEN,MICRO_XGB_OUTER55,11,303,0.9207920792079208,0.9900990099009901,0.9544293715085793,1.2112211221122111
DEV_FROZEN,MICRO_XGB_OUTER55,110,293,0.689419795221843,0.9965870307167235,0.7990898748577929,1.6860068259385665
DEV_FROZEN,MICRO_XGB_OUTER55,113,289,0.4671280276816609,0.9446366782006921,0.6665246452489213,2.2422145328719725
DEV_FROZEN,MICRO_XGB_OUTER55,117,289,0.2629757785467128,1.0,0.5299884659746252,2.3460207612456747
DEV_FROZEN,MICRO_XGB_OUTER55,12,312,0.4391025641025641,0.7756410256410257,0.5949325631258829,3.5448717948717947
DEV_FROZEN,MICRO_XGB_OUTER55,14,306,0.15359477124183007,0.2222222222222222,0.21101301781407236,22.790849673202615
DEV_FROZEN,MICRO_XGB_OUTER55,18,330,0.6878787878787879,0.9787878787878788,0.8166582491582489,1.587878787878788
DEV_FROZEN,MICRO_XGB_OUTER55,2,287,0.519163763066202,0.9860627177700348,0.7125573806758476,1.8745644599303135
DEV_FROZEN,MICRO_XGB_OUTER55,21,308,0.5292207792207793,0.8766233766233766,0.6678095185079976,2.7564935064935066
DEV_FROZEN,MICRO_XGB_OUTER55,24,263,0.4372623574144487,0.6996197718631179,0.5610294234669435,4.88212927756654
DEV_FROZEN,MICRO_XGB_OUTER55,25,312,0.592948717948718,0.9230769230769231,0.7299108299108299,2.173076923076923
DEV_FROZEN,MICRO_XGB_OUTER55,27,310,0.24193548387096775,0.6548387096774193,0.42602673875134767,6.67741935483871
DEV_FROZEN,MICRO_XGB_OUTER55,28,286,0.45454545454545453,0.8461538461538461,0.6272167889034718,2.8076923076923075
DEV_FROZEN,MICRO_XGB_OUTER55,29,320,0.384375,0.728125,0.5347451764654251,4.03125
DEV_FROZEN,MICRO_XGB_OUTER55,31,289,0.8754325259515571,0.9930795847750865,0.9209919261822375,1.2698961937716262
DEV_FROZEN,MICRO_XGB_OUTER55,34,251,0.8326693227091634,0.9800796812749004,0.9036929206251916,1.3545816733067728
DEV_FROZEN,MICRO_XGB_OUTER55,35,297,0.19865319865319866,0.6060606060606061,0.37424295016098746,6.346801346801347
DEV_FROZEN,MICRO_XGB_OUTER55,36,305,0.32131147540983607,0.7639344262295082,0.5328673957584203,4.370491803278688
DEV_FROZEN,MICRO_XGB_OUTER55,37,316,0.4272151898734177,0.8069620253164557,0.5842332047478372,3.5664556962025316
DEV_FROZEN,MICRO_XGB_OUTER55,39,284,0.25704225352112675,0.6795774647887324,0.4486945806819188,4.806338028169014
DEV_FROZEN,MICRO_XGB_OUTER55,40,219,0.2328767123287671,0.5159817351598174,0.3806006502864723,7.853881278538813
DEV_FROZEN,MICRO_XGB_OUTER55,41,267,0.5880149812734082,0.898876404494382,0.7200479093010488,2.4157303370786516
DEV_FROZEN,MICRO_XGB_OUTER55,42,279,0.5483870967741935,0.8530465949820788,0.6744511561715864,2.6810035842293907
DEV_FROZEN,MICRO_XGB_OUTER55,43,260,0.6230769230769231,0.926923076923077,0.7550398639821717,2.1615384615384614
DEV_FROZEN,MICRO_XGB_OUTER55,45,273,0.5787545787545788,0.9084249084249084,0.7094249782274993,2.3882783882783882
DEV_FROZEN,MICRO_XGB_OUTER55,46,284,0.5211267605633803,0.9295774647887324,0.691479228240255,2.316901408450704
DEV_FROZEN,MICRO_XGB_OUTER55,47,295,0.7762711864406779,0.9898305084745763,0.8651977401129943,1.4067796610169492
DEV_FROZEN,MICRO_XGB_OUTER55,48,260,0.3576923076923077,0.7769230769230769,0.5212416605516154,3.6153846153846154
DEV_FROZEN,MICRO_XGB_OUTER55,50,290,0.14482758620689656,0.3793103448275862,0.2838708499908155,9.010344827586207
DEV_FROZEN,MICRO_XGB_OUTER55,51,299,0.30434782608695654,0.8361204013377926,0.5159172900855704,3.6421404682274248
DEV_FROZEN,MICRO_XGB_OUTER55,52,291,0.5360824742268041,0.8350515463917526,0.6648042024776717,3.343642611683849
DEV_FROZEN,MICRO_XGB_OUTER55,53,298,0.8489932885906041,0.9899328859060402,0.911774262277618,1.3288590604026846
DEV_FROZEN,MICRO_XGB_OUTER55,54,288,0.8263888888888888,0.9201388888888888,0.8725696660592495,2.1770833333333335
DEV_FROZEN,MICRO_XGB_OUTER55,55,281,0.36298932384341637,0.8861209964412812,0.596124990075168,2.7544483985765122
DEV_FROZEN,MICRO_XGB_OUTER55,57,240,0.25416666666666665,0.5458333333333333,0.39541675090423517,7.554166666666666
DEV_FROZEN,MICRO_XGB_OUTER55,6,325,0.49846153846153846,0.7107692307692308,0.6022557044243424,6.48
DEV_FROZEN,MICRO_XGB_OUTER55,60,293,0.2593856655290102,0.7406143344709898,0.4647747303890648,4.3583617747440275
DEV_FROZEN,MICRO_XGB_OUTER55,61,276,0.14855072463768115,0.6956521739130435,0.354697558954342,4.967391304347826
DEV_FROZEN,MICRO_XGB_OUTER55,63,274,0.35036496350364965,0.6970802919708029,0.4973665831137859,6.116788321167883
DEV_FROZEN,MICRO_XGB_OUTER55,68,289,0.8200692041522492,0.9446366782006921,0.8701465455638059,1.685121107266436
DEV_FROZEN,MICRO_XGB_OUTER55,7,338,0.0621301775147929,0.5769230769230769,0.26965391562503505,7.1982248520710055
DEV_FROZEN,MICRO_XGB_OUTER55,71,289,0.34256055363321797,0.71280276816609,0.5128415567969586,4.252595155709343
DEV_FROZEN,MICRO_XGB_OUTER55,72,297,0.4612794612794613,0.7272727272727273,0.5843000884832242,3.9225589225589226
DEV_FROZEN,MICRO_XGB_OUTER55,76,269,0.7397769516728625,0.9702602230483272,0.8345340625989996,1.828996282527881
DEV_FROZEN,MICRO_XGB_OUTER55,77,257,0.023346303501945526,0.10505836575875487,0.11558999060902707,16.09727626459144
DEV_FROZEN,MICRO_XGB_OUTER55,78,293,0.7372013651877133,0.9146757679180887,0.8059064560771046,2.1023890784982937
DEV_FROZEN,MICRO_XGB_OUTER55,80,287,0.8083623693379791,0.9895470383275261,0.8826447652231624,1.386759581881533
DEV_FROZEN,MICRO_XGB_OUTER55,81,238,0.6428571428571429,0.8445378151260504,0.7339259866626076,2.73109243697479
DEV_FROZEN,MICRO_XGB_OUTER55,86,292,0.9691780821917808,1.0,0.9817351598173515,1.047945205479452
DEV_FROZEN,MICRO_XGB_OUTER55,89,273,0.8608058608058609,0.9706959706959707,0.9146141919401992,1.4835164835164836
DEV_FROZEN,MICRO_XGB_OUTER55,9,337,0.01483679525222552,0.18694362017804153,0.12994034000273513,15.172106824925816
DEV_FROZEN,MICRO_XGB_OUTER55,90,178,0.03932584269662921,0.20786516853932585,0.1526346215857853,13.932584269662922
DEV_FROZEN,MICRO_XGB_OUTER55,92,286,0.35664335664335667,0.6363636363636364,0.4829902162217406,9.678321678321678
DEV_FROZEN,MICRO_XGB_OUTER55,96,290,0.5586206896551724,0.9172413793103448,0.7146694268093863,2.2724137931034485
DEV_FROZEN,MICRO_XGB_OUTER55,97,282,0.024822695035460994,1.0,0.4899527186761229,2.1099290780141846
DEV_FROZEN,MICRO_XGB_OUTER55,98,289,0.5986159169550173,0.9065743944636678,0.7331023005610834,2.449826989619377
DEV_FROZEN,MICRO_LTD_OUTER55,0,299,0.6521739130434783,0.8494983277591973,0.7405093918885628,3.4983277591973243
DEV_FROZEN,MICRO_LTD_OUTER55,10,329,0.3495440729483283,0.5775075987841946,0.4765989827803467,5.571428571428571
DEV_FROZEN,MICRO_LTD_OUTER55,102,282,0.09219858156028368,0.32269503546099293,0.2200129695960723,11.308510638297872
DEV_FROZEN,MICRO_LTD_OUTER55,104,264,0.3560606060606061,0.571969696969697,0.47871872493798256,6.382575757575758
DEV_FROZEN,MICRO_LTD_OUTER55,105,276,0.16304347826086957,0.44565217391304346,0.3073847974545714,11.278985507246377
DEV_FROZEN,MICRO_LTD_OUTER55,106,253,0.6600790513833992,0.9446640316205533,0.7724231302294543,1.9090909090909092
DEV_FROZEN,MICRO_LTD_OUTER55,107,236,0.19915254237288135,0.3813559322033898,0.2977432954009151,17.915254237288135
DEV_FROZEN,MICRO_LTD_OUTER55,108,288,0.6805555555555556,0.8576388888888888,0.7534033674658676,2.5625
DEV_FROZEN,MICRO_LTD_OUTER55,109,290,0.5655172413793104,0.8931034482758621,0.7060143175508287,2.4931034482758623
DEV_FROZEN,MICRO_LTD_OUTER55,11,303,0.6864686468646864,0.933993399339934,0.8115748329092334,2.0594059405940595
DEV_FROZEN,MICRO_LTD_OUTER55,110,293,0.7406143344709898,1.0,0.8162684869169512,1.6860068259385665
DEV_FROZEN,MICRO_LTD_OUTER55,113,289,0.44982698961937717,0.5743944636678201,0.520188571748821,9.653979238754324
DEV_FROZEN,MICRO_LTD_OUTER55,117,289,0.32525951557093424,1.0,0.5663206459054209,2.2525951557093427
DEV_FROZEN,MICRO_LTD_OUTER55,12,312,0.2403846153846154,0.4423076923076923,0.3541084614122961,12.224358974358974
DEV_FROZEN,MICRO_LTD_OUTER55,14,306,0.058823529411764705,0.10457516339869281,0.10700321277032426,30.369281045751634
DEV_FROZEN,MICRO_LTD_OUTER55,18,330,0.20303030303030303,0.5969696969696969,0.3800000341692838,6.606060606060606
DEV_FROZEN,MICRO_LTD_OUTER55,2,287,0.759581881533101,0.9895470383275261,0.8675128588020574,1.3449477351916377
DEV_FROZEN,MICRO_LTD_OUTER55,21,308,0.5,0.8961038961038961,0.6609276559214489,2.7305194805194803
DEV_FROZEN,MICRO_LTD_OUTER55,24,263,0.2813688212927757,0.4790874524714829,0.39827145270279607,7.608365019011407
DEV_FROZEN,MICRO_LTD_OUTER55,25,312,0.08012820512820513,0.22115384615384615,0.1655641290202221,19.807692307692307
DEV_FROZEN,MICRO_LTD_OUTER55,27,310,0.11290322580645161,0.3193548387096774,0.23077904047575012,14.141935483870968
DEV_FROZEN,MICRO_LTD_OUTER55,28,286,0.7832167832167832,0.965034965034965,0.8729507865871502,1.472027972027972
DEV_FROZEN,MICRO_LTD_OUTER55,29,320,0.0125,0.10625,0.09036505268926023,25.00625
DEV_FROZEN,MICRO_LTD_OUTER55,31,289,0.671280276816609,0.889273356401384,0.7678959640897356,2.3183391003460208
DEV_FROZEN,MICRO_LTD_OUTER55,34,251,0.4103585657370518,0.6254980079681275,0.5183502671674429,5.410358565737051
DEV_FROZEN,MICRO_LTD_OUTER55,35,297,0.12121212121212122,0.2222222222222222,0.20291353154542158,18.59259259259259
DEV_FROZEN,MICRO_LTD_OUTER55,36,305,0.09836065573770492,0.5967213114754099,0.3035351453665151,5.5967213114754095
DEV_FROZEN,MICRO_LTD_OUTER55,37,316,0.24367088607594936,0.38924050632911394,0.3232482693792992,21.939873417721518
DEV_FROZEN,MICRO_LTD_OUTER55,39,284,0.5809859154929577,0.9049295774647887,0.7136185092439453,2.7288732394366195
DEV_FROZEN,MICRO_LTD_OUTER55,40,219,0.2922374429223744,0.5662100456621004,0.42247771468177214,7.127853881278539
DEV_FROZEN,MICRO_LTD_OUTER55,41,267,0.4157303370786517,0.5393258426966292,0.4901867257159406,9.299625468164795
DEV_FROZEN,MICRO_LTD_OUTER55,42,279,0.40860215053763443,0.7706093189964157,0.5763223183939297,3.6881720430107525
DEV_FROZEN,MICRO_LTD_OUTER55,43,260,0.7038461538461539,0.9115384615384615,0.7900199727173411,2.1384615384615384
DEV_FROZEN,MICRO_LTD_OUTER55,45,273,0.4249084249084249,0.5824175824175825,0.513688522914805,8.893772893772894
DEV_FROZEN,MICRO_LTD_OUTER55,46,284,0.29577464788732394,0.6725352112676056,0.4703813607158405,4.679577464788732
DEV_FROZEN,MICRO_LTD_OUTER55,47,295,0.42033898305084744,0.6271186440677966,0.5191325077696565,10.640677966101695
DEV_FROZEN,MICRO_LTD_OUTER55,48,260,0.45,0.9038461538461539,0.651899204596573,2.6153846153846154
DEV_FROZEN,MICRO_LTD_OUTER55,50,290,0.20689655172413793,0.5206896551724138,0.3610282707903006,7.9206896551724135
DEV_FROZEN,MICRO_LTD_OUTER55,51,299,0.09698996655518395,0.6521739130434783,0.31751524601659725,5.150501672240803
DEV_FROZEN,MICRO_LTD_OUTER55,52,291,0.4329896907216495,0.6116838487972509,0.5233767806980766,11.570446735395189
DEV_FROZEN,MICRO_LTD_OUTER55,53,298,0.412751677852349,0.5838926174496645,0.5039430910110874,12.912751677852349
DEV_FROZEN,MICRO_LTD_OUTER55,54,288,0.6284722222222222,0.7777777777777778,0.6933290064128005,7.916666666666667
DEV_FROZEN,MICRO_LTD_OUTER55,55,281,0.12099644128113879,0.2491103202846975,0.19955434698469646,24.537366548042705
DEV_FROZEN,MICRO_LTD_OUTER55,57,240,0.3333333333333333,0.7708333333333334,0.513974277607211,3.8833333333333333
DEV_FROZEN,MICRO_LTD_OUTER55,6,325,0.6430769230769231,0.8707692307692307,0.7411451467303326,2.873846153846154
DEV_FROZEN,MICRO_LTD_OUTER55,60,293,0.16382252559726962,0.40955631399317405,0.28863334306050636,16.392491467576793
DEV_FROZEN,MICRO_LTD_OUTER55,61,276,0.33695652173913043,0.9818840579710145,0.6215924775707384,2.0543478260869565
DEV_FROZEN,MICRO_LTD_OUTER55,63,274,0.2737226277372263,0.6277372262773723,0.4276174092806661,6.390510948905109
DEV_FROZEN,MICRO_LTD_OUTER55,68,289,0.6193771626297578,0.7647058823529411,0.6862176823946555,6.076124567474048
DEV_FROZEN,MICRO_LTD_OUTER55,7,338,0.04437869822485207,0.5532544378698225,0.2587967773604921,6.455621301775148
DEV_FROZEN,MICRO_LTD_OUTER55,71,289,0.23529411764705882,0.43944636678200694,0.3387625390497814,15.0
DEV_FROZEN,MICRO_LTD_OUTER55,72,297,0.3872053872053872,0.5084175084175084,0.4658966888812899,9.232323232323232
DEV_FROZEN,MICRO_LTD_OUTER55,76,269,0.5315985130111525,0.7434944237918215,0.630797224933458,5.08550185873606
DEV_FROZEN,MICRO_LTD_OUTER55,77,257,0.0,0.023346303501945526,0.035202636251294085,41.36575875486381
DEV_FROZEN,MICRO_LTD_OUTER55,78,293,0.20477815699658702,0.41638225255972694,0.31831023940740594,14.013651877133105
DEV_FROZEN,MICRO_LTD_OUTER55,80,287,0.34146341463414637,0.5121951219512195,0.4413214952880139,11.710801393728223
DEV_FROZEN,MICRO_LTD_OUTER55,81,238,0.6134453781512605,0.8949579831932774,0.7285997361157688,2.6260504201680672
DEV_FROZEN,MICRO_LTD_OUTER55,86,292,0.9075342465753424,1.0,0.9429223744292237,1.1575342465753424
DEV_FROZEN,MICRO_LTD_OUTER55,89,273,0.2490842490842491,0.4945054945054945,0.37687102811166856,8.666666666666666
DEV_FROZEN,MICRO_LTD_OUTER55,9,337,0.02373887240356083,0.13056379821958458,0.1336158695342243,11.17507418397626
DEV_FROZEN,MICRO_LTD_OUTER55,90,178,0.016853932584269662,0.21910112359550563,0.1455271864976356,10.94943820224719
DEV_FROZEN,MICRO_LTD_OUTER55,92,286,0.24475524475524477,0.5454545454545454,0.38798281918133537,8.027972027972028
DEV_FROZEN,MICRO_LTD_OUTER55,96,290,0.5379310344827586,0.7862068965517242,0.6542290785891713,3.8379310344827586
DEV_FROZEN,MICRO_LTD_OUTER55,97,282,0.12056737588652482,1.0,0.5555555555555556,1.9078014184397163
DEV_FROZEN,MICRO_LTD_OUTER55,98,289,0.42560553633217996,0.5813148788927336,0.511669051964942,8.145328719723183
DEV_FROZEN,HYBRID_NO_LTD_RENORM,0,299,0.7424749163879598,0.9765886287625418,0.8451838017055409,1.5317725752508362
DEV_FROZEN,HYBRID_NO_LTD_RENORM,10,329,0.513677811550152,0.7416413373860182,0.6196790289285374,6.1063829787234045
DEV_FROZEN,HYBRID_NO_LTD_RENORM,102,282,0.3191489361702128,0.9219858156028369,0.5778836279183182,2.6595744680851063
DEV_FROZEN,HYBRID_NO_LTD_RENORM,104,264,0.44696969696969696,0.8787878787878788,0.6244033271021907,2.977272727272727
DEV_FROZEN,HYBRID_NO_LTD_RENORM,105,276,0.5181159420289855,0.7210144927536232,0.6222325580787418,5.0144927536231885
DEV_FROZEN,HYBRID_NO_LTD_RENORM,106,253,0.7035573122529645,0.9841897233201581,0.8205550707526993,1.5770750988142292
DEV_FROZEN,HYBRID_NO_LTD_RENORM,107,236,0.6313559322033898,0.9915254237288136,0.7941384180790961,1.5847457627118644
DEV_FROZEN,HYBRID_NO_LTD_RENORM,108,288,0.9513888888888888,0.9930555555555556,0.967283950617284,1.1388888888888888
DEV_FROZEN,HYBRID_NO_LTD_RENORM,109,290,0.6103448275862069,0.8896551724137931,0.7373248686179721,2.406896551724138
DEV_FROZEN,HYBRID_NO_LTD_RENORM,11,303,0.8382838283828383,0.9900990099009901,0.9127652050919377,1.273927392739274
DEV_FROZEN,HYBRID_NO_LTD_RENORM,110,293,0.6962457337883959,1.0,0.803811149032992,1.651877133105802
DEV_FROZEN,HYBRID_NO_LTD_RENORM,113,289,0.4982698961937716,0.9515570934256056,0.6810321454785123,2.2768166089965396
DEV_FROZEN,HYBRID_NO_LTD_RENORM,117,289,0.29411764705882354,1.0,0.5461361014994233,2.311418685121107
DEV_FROZEN,HYBRID_NO_LTD_RENORM,12,312,0.4519230769230769,0.8108974358974359,0.6121980787563367,3.342948717948718
DEV_FROZEN,HYBRID_NO_LTD_RENORM,14,306,0.16013071895424835,0.238562091503268,0.22228030152806247,22.444444444444443
DEV_FROZEN,HYBRID_NO_LTD_RENORM,18,330,0.6787878787878788,0.9636363636363636,0.8072716340898158,1.687878787878788
DEV_FROZEN,HYBRID_NO_LTD_RENORM,2,287,0.397212543554007,0.9512195121951219,0.6272205630219567,2.2473867595818815
DEV_FROZEN,HYBRID_NO_LTD_RENORM,21,308,0.5357142857142857,0.9090909090909091,0.6852819483907147,2.4448051948051948
DEV_FROZEN,HYBRID_NO_LTD_RENORM,24,263,0.39923954372623577,0.6768060836501901,0.5278466268256475,5.574144486692015
DEV_FROZEN,HYBRID_NO_LTD_RENORM,25,312,0.5801282051282052,0.9230769230769231,0.7268428508813124,2.1538461538461537
DEV_FROZEN,HYBRID_NO_LTD_RENORM,27,310,0.25483870967741934,0.6612903225806451,0.4414527078006,8.067741935483872
DEV_FROZEN,HYBRID_NO_LTD_RENORM,28,286,0.4755244755244755,0.8706293706293706,0.6402972027972028,2.7167832167832167
DEV_FROZEN,HYBRID_NO_LTD_RENORM,29,320,0.371875,0.6875,0.5170607848614079,5.0875
DEV_FROZEN,HYBRID_NO_LTD_RENORM,31,289,0.8615916955017301,0.9792387543252595,0.9099577085736255,1.3494809688581315
DEV_FROZEN,HYBRID_NO_LTD_RENORM,34,251,0.749003984063745,0.9800796812749004,0.8562446185952163,1.4741035856573705
DEV_FROZEN,HYBRID_NO_LTD_RENORM,35,297,0.21548821548821548,0.6363636363636364,0.39581091748382596,5.861952861952862
DEV_FROZEN,HYBRID_NO_LTD_RENORM,36,305,0.21639344262295082,0.7836065573770492,0.4673022943641118,4.498360655737705
DEV_FROZEN,HYBRID_NO_LTD_RENORM,37,316,0.3512658227848101,0.759493670886076,0.527426344951515,4.082278481012659
DEV_FROZEN,HYBRID_NO_LTD_RENORM,39,284,0.22887323943661972,0.6830985915492958,0.4265229517053296,4.852112676056338
DEV_FROZEN,HYBRID_NO_LTD_RENORM,40,219,0.3744292237442922,0.593607305936073,0.48573529329179627,6.6438356164383565
DEV_FROZEN,HYBRID_NO_LTD_RENORM,41,267,0.4756554307116105,0.9101123595505618,0.6669001269959631,2.4419475655430714
DEV_FROZEN,HYBRID_NO_LTD_RENORM,42,279,0.5232974910394266,0.8279569892473119,0.6522895264830749,2.935483870967742
DEV_FROZEN,HYBRID_NO_LTD_RENORM,43,260,0.6115384615384616,0.9153846153846154,0.7387512914435992,2.3384615384615386
DEV_FROZEN,HYBRID_NO_LTD_RENORM,45,273,0.5567765567765568,0.9230769230769231,0.7019566412423555,2.3333333333333335
DEV_FROZEN,HYBRID_NO_LTD_RENORM,46,284,0.5070422535211268,0.8943661971830986,0.6670396183998852,2.647887323943662
DEV_FROZEN,HYBRID_NO_LTD_RENORM,47,295,0.7288135593220338,0.976271186440678,0.8281826741996233,1.6101694915254237
DEV_FROZEN,HYBRID_NO_LTD_RENORM,48,260,0.3576923076923077,0.7423076923076923,0.5268606053752815,3.776923076923077
DEV_FROZEN,HYBRID_NO_LTD_RENORM,50,290,0.20689655172413793,0.43448275862068964,0.33802785468139396,8.8
DEV_FROZEN,HYBRID_NO_LTD_RENORM,51,299,0.11371237458193979,0.7892976588628763,0.3900348383386678,4.304347826086956
DEV_FROZEN,HYBRID_NO_LTD_RENORM,52,291,0.5876288659793815,0.8316151202749141,0.6980357941087363,3.5326460481099655
DEV_FROZEN,HYBRID_NO_LTD_RENORM,53,298,0.8221476510067114,0.9798657718120806,0.8936455881925679,1.4093959731543624
DEV_FROZEN,HYBRID_NO_LTD_RENORM,54,288,0.875,0.9305555555555556,0.9000728739444016,2.1041666666666665
DEV_FROZEN,HYBRID_NO_LTD_RENORM,55,281,0.29537366548042704,0.8825622775800712,0.548396105829614,3.02135231316726
DEV_FROZEN,HYBRID_NO_LTD_RENORM,57,240,0.32083333333333336,0.5958333333333333,0.45736608123259115,7.354166666666667
DEV_FROZEN,HYBRID_NO_LTD_RENORM,6,325,0.5938461538461538,0.7723076923076924,0.6819083862890443,5.6
DEV_FROZEN,HYBRID_NO_LTD_RENORM,60,293,0.30716723549488056,0.7713310580204779,0.504311677619722,4.266211604095563
DEV_FROZEN,HYBRID_NO_LTD_RENORM,61,276,0.17391304347826086,0.7862318840579711,0.40369417719961204,4.101449275362318
DEV_FROZEN,HYBRID_NO_LTD_RENORM,63,274,0.42700729927007297,0.7262773722627737,0.5480058399678044,6.102189781021898
DEV_FROZEN,HYBRID_NO_LTD_RENORM,68,289,0.7993079584775087,0.9307958477508651,0.8600777936697944,1.8581314878892734
DEV_FROZEN,HYBRID_NO_LTD_RENORM,7,338,0.06804733727810651,0.6035502958579881,0.2900324869645706,6.72189349112426
DEV_FROZEN,HYBRID_NO_LTD_RENORM,71,289,0.35294117647058826,0.7058823529411765,0.5107088215626787,4.515570934256055
DEV_FROZEN,HYBRID_NO_LTD_RENORM,72,297,0.4781144781144781,0.7272727272727273,0.6027103895642221,3.9292929292929295
DEV_FROZEN,HYBRID_NO_LTD_RENORM,76,269,0.758364312267658,0.9516728624535316,0.842267681643128,1.903345724907063
DEV_FROZEN,HYBRID_NO_LTD_RENORM,77,257,0.01556420233463035,0.13618677042801555,0.11869599541011609,16.06614785992218
DEV_FROZEN,HYBRID_NO_LTD_RENORM,78,293,0.7235494880546075,0.8839590443686007,0.7899061689164079,2.3208191126279862
DEV_FROZEN,HYBRID_NO_LTD_RENORM,80,287,0.6794425087108014,0.9825783972125436,0.8081687959736741,1.5923344947735192
DEV_FROZEN,HYBRID_NO_LTD_RENORM,81,238,0.6638655462184874,0.8613445378151261,0.755937444908033,2.6470588235294117
DEV_FROZEN,HYBRID_NO_LTD_RENORM,86,292,0.952054794520548,1.0,0.9703196347031963,1.082191780821918
DEV_FROZEN,HYBRID_NO_LTD_RENORM,89,273,0.8974358974358975,0.9816849816849816,0.9362790466238742,1.3846153846153846
DEV_FROZEN,HYBRID_NO_LTD_RENORM,9,337,0.04451038575667656,0.2344213649851632,0.16464255301129285,14.264094955489615
DEV_FROZEN,HYBRID_NO_LTD_RENORM,90,178,0.1348314606741573,0.398876404494382,0.2705127126290976,11.134831460674157
DEV_FROZEN,HYBRID_NO_LTD_RENORM,92,286,0.541958041958042,0.7097902097902098,0.6182442417496341,9.3006993006993
DEV_FROZEN,HYBRID_NO_LTD_RENORM,96,290,0.6551724137931034,0.9103448275862069,0.76287679753197,2.2758620689655173
DEV_FROZEN,HYBRID_NO_LTD_RENORM,97,282,0.04964539007092199,1.0,0.514775413711584,2.0106382978723403
DEV_FROZEN,HYBRID_NO_LTD_RENORM,98,289,0.5986159169550173,0.9100346020761245,0.7247070980721232,2.546712802768166
DEV_FROZEN,HYBRID_NO_XGB_RENORM,0,299,0.6755852842809364,0.8595317725752508,0.7703236100050874,3.3076923076923075
DEV_FROZEN,HYBRID_NO_XGB_RENORM,10,329,0.45896656534954405,0.6747720364741642,0.5716567120904591,5.689969604863222
DEV_FROZEN,HYBRID_NO_XGB_RENORM,102,282,0.1595744680851064,0.6099290780141844,0.3514395254168518,6.790780141843972
DEV_FROZEN,HYBRID_NO_XGB_RENORM,104,264,0.35984848484848486,0.6401515151515151,0.5038095627305613,7.765151515151516
DEV_FROZEN,HYBRID_NO_XGB_RENORM,105,276,0.4673913043478261,0.6304347826086957,0.5542874528419742,9.442028985507246
DEV_FROZEN,HYBRID_NO_XGB_RENORM,106,253,0.6719367588932806,0.9209486166007905,0.7818856264508439,1.9644268774703557
DEV_FROZEN,HYBRID_NO_XGB_RENORM,107,236,0.2754237288135593,0.5720338983050848,0.42049695479414906,11.724576271186441
DEV_FROZEN,HYBRID_NO_XGB_RENORM,108,288,0.7638888888888888,0.8958333333333334,0.8206317903891917,2.3368055555555554
DEV_FROZEN,HYBRID_NO_XGB_RENORM,109,290,0.6,0.8793103448275862,0.7217184888584482,2.575862068965517
DEV_FROZEN,HYBRID_NO_XGB_RENORM,11,303,0.636963696369637,0.9438943894389439,0.7700525949286909,2.267326732673267
DEV_FROZEN,HYBRID_NO_XGB_RENORM,110,293,0.7303754266211604,1.0,0.8120022753128556,1.689419795221843
DEV_FROZEN,HYBRID_NO_XGB_RENORM,113,289,0.4982698961937716,0.7301038062283737,0.5988050930707234,6.093425605536332
DEV_FROZEN,HYBRID_NO_XGB_RENORM,117,289,0.32525951557093424,1.0,0.5680507497116494,2.2422145328719725
DEV_FROZEN,HYBRID_NO_XGB_RENORM,12,312,0.40705128205128205,0.6826923076923077,0.5329604714658718,8.298076923076923
DEV_FROZEN,HYBRID_NO_XGB_RENORM,14,306,0.1503267973856209,0.1895424836601307,0.19674148591114055,27.431372549019606
DEV_FROZEN,HYBRID_NO_XGB_RENORM,18,330,0.6242424242424243,0.8939393939393939,0.7401012623739897,2.609090909090909
DEV_FROZEN,HYBRID_NO_XGB_RENORM,2,287,0.4146341463414634,0.9651567944250871,0.6407417882156559,2.1707317073170733
DEV_FROZEN,HYBRID_NO_XGB_RENORM,21,308,0.5551948051948052,0.9285714285714286,0.7117268824249343,2.2012987012987013
DEV_FROZEN,HYBRID_NO_XGB_RENORM,24,263,0.3840304182509506,0.55893536121673,0.48571745013134393,7.604562737642586
DEV_FROZEN,HYBRID_NO_XGB_RENORM,25,312,0.28525641025641024,0.5641025641025641,0.4213542446061857,10.528846153846153
DEV_FROZEN,HYBRID_NO_XGB_RENORM,27,310,0.1870967741935484,0.5612903225806452,0.35139300789123756,13.096774193548388
DEV_FROZEN,HYBRID_NO_XGB_RENORM,28,286,0.7307692307692307,0.9825174825174825,0.8411019536019536,1.486013986013986
DEV_FROZEN,HYBRID_NO_XGB_RENORM,29,320,0.225,0.40625,0.3231908537145484,19.6125
DEV_FROZEN,HYBRID_NO_XGB_RENORM,31,289,0.8027681660899654,0.916955017301038,0.8542684215694597,1.9757785467128028
DEV_FROZEN,HYBRID_NO_XGB_RENORM,34,251,0.5338645418326693,0.7888446215139442,0.6600630889717255,3.7968127490039842
DEV_FROZEN,HYBRID_NO_XGB_RENORM,35,297,0.18855218855218855,0.4006734006734007,0.2972867280849262,14.090909090909092
DEV_FROZEN,HYBRID_NO_XGB_RENORM,36,305,0.10163934426229508,0.6524590163934426,0.31686895797334563,5.586885245901639
DEV_FROZEN,HYBRID_NO_XGB_RENORM,37,316,0.3069620253164557,0.4620253164556962,0.39501646485972786,19.775316455696203
DEV_FROZEN,HYBRID_NO_XGB_RENORM,39,284,0.38028169014084506,0.8732394366197183,0.5916501793107013,2.9788732394366195
DEV_FROZEN,HYBRID_NO_XGB_RENORM,40,219,0.5068493150684932,0.7077625570776256,0.6083915726967363,5.054794520547945
DEV_FROZEN,HYBRID_NO_XGB_RENORM,41,267,0.41198501872659177,0.6629213483146067,0.543091775183113,6.726591760299626
DEV_FROZEN,HYBRID_NO_XGB_RENORM,42,279,0.48028673835125446,0.8064516129032258,0.6311188972338355,3.5376344086021505
DEV_FROZEN,HYBRID_NO_XGB_RENORM,43,260,0.6730769230769231,0.9076923076923077,0.776687420088974,2.25
DEV_FROZEN,HYBRID_NO_XGB_RENORM,45,273,0.5164835164835165,0.7032967032967034,0.611931310864294,5.6923076923076925
DEV_FROZEN,HYBRID_NO_XGB_RENORM,46,284,0.4119718309859155,0.7253521126760564,0.561619448454059,4.496478873239437
DEV_FROZEN,HYBRID_NO_XGB_RENORM,47,295,0.576271186440678,0.7661016949152543,0.6634205442646833,7.671186440677966
DEV_FROZEN,HYBRID_NO_XGB_RENORM,48,260,0.39615384615384613,0.8730769230769231,0.601508769008769,2.8076923076923075
DEV_FROZEN,HYBRID_NO_XGB_RENORM,50,290,0.32068965517241377,0.5724137931034483,0.4435241022174133,8.020689655172413
DEV_FROZEN,HYBRID_NO_XGB_RENORM,51,299,0.046822742474916385,0.5551839464882943,0.2549572525460411,6.160535117056856
DEV_FROZEN,HYBRID_NO_XGB_RENORM,52,291,0.5463917525773195,0.7560137457044673,0.6434939732115524,8.652920962199312
DEV_FROZEN,HYBRID_NO_XGB_RENORM,53,298,0.5939597315436241,0.7684563758389261,0.6793572872367007,7.875838926174497
DEV_FROZEN,HYBRID_NO_XGB_RENORM,54,288,0.8611111111111112,0.8854166666666666,0.876976492502026,5.336805555555555
DEV_FROZEN,HYBRID_NO_XGB_RENORM,55,281,0.13167259786476868,0.3736654804270463,0.25348132632007586,19.398576512455517
DEV_FROZEN,HYBRID_NO_XGB_RENORM,57,240,0.375,0.7666666666666667,0.5453991779383613,4.204166666666667
DEV_FROZEN,HYBRID_NO_XGB_RENORM,6,325,0.683076923076923,0.88,0.7768955190109037,2.6153846153846154
DEV_FROZEN,HYBRID_NO_XGB_RENORM,60,293,0.3174061433447099,0.6040955631399317,0.4459232991518355,11.215017064846416
DEV_FROZEN,HYBRID_NO_XGB_RENORM,61,276,0.2717391304347826,0.9927536231884058,0.5723731884057971,2.2246376811594204
DEV_FROZEN,HYBRID_NO_XGB_RENORM,63,274,0.4233576642335766,0.7226277372262774,0.5598253738457031,5.255474452554744
DEV_FROZEN,HYBRID_NO_XGB_RENORM,68,289,0.7058823529411765,0.8512110726643599,0.7766674183183682,4.97923875432526
DEV_FROZEN,HYBRID_NO_XGB_RENORM,7,338,0.07396449704142012,0.6479289940828402,0.30822804119316155,5.733727810650888
DEV_FROZEN,HYBRID_NO_XGB_RENORM,71,289,0.2906574394463668,0.5155709342560554,0.40146357835335883,14.114186851211073
DEV_FROZEN,HYBRID_NO_XGB_RENORM,72,297,0.45791245791245794,0.5993265993265994,0.5457442824478238,7.484848484848484
DEV_FROZEN,HYBRID_NO_XGB_RENORM,76,269,0.6765799256505576,0.8661710037174721,0.7607033195803315,3.7063197026022303
DEV_FROZEN,HYBRID_NO_XGB_RENORM,77,257,0.007782101167315175,0.0311284046692607,0.047655827048195556,37.98443579766537
DEV_FROZEN,HYBRID_NO_XGB_RENORM,78,293,0.5938566552901023,0.6996587030716723,0.6481320202328766,9.266211604095563
DEV_FROZEN,HYBRID_NO_XGB_RENORM,80,287,0.32752613240418116,0.554006968641115,0.44720997197608475,11.386759581881533
DEV_FROZEN,HYBRID_NO_XGB_RENORM,81,238,0.6638655462184874,0.907563025210084,0.7707959123718191,2.4243697478991595
DEV_FROZEN,HYBRID_NO_XGB_RENORM,86,292,0.9143835616438356,1.0,0.9463470319634703,1.1506849315068493
DEV_FROZEN,HYBRID_NO_XGB_RENORM,89,273,0.8131868131868132,0.9487179487179487,0.8722190296003498,2.1025641025641026
DEV_FROZEN,HYBRID_NO_XGB_RENORM,9,337,0.06528189910979229,0.2789317507418398,0.19269134436428365,10.41246290801187
DEV_FROZEN,HYBRID_NO_XGB_RENORM,90,178,0.24157303370786518,0.5898876404494382,0.418450468471862,7.022471910112359
DEV_FROZEN,HYBRID_NO_XGB_RENORM,92,286,0.5769230769230769,0.7552447552447552,0.6601682962889198,6.391608391608392
DEV_FROZEN,HYBRID_NO_XGB_RENORM,96,290,0.6586206896551724,0.8827586206896552,0.7622318856111959,2.8655172413793104
DEV_FROZEN,HYBRID_NO_XGB_RENORM,97,282,0.09574468085106383,1.0,0.5425531914893617,1.9361702127659575
DEV_FROZEN,HYBRID_NO_XGB_RENORM,98,289,0.5121107266435986,0.7231833910034602,0.616983172476733,6.546712802768166
DEV_FROZEN,ACTUAL_HYBRID,0,299,0.8160535117056856,0.9698996655518395,0.8824762927522123,1.5919732441471572
DEV_FROZEN,ACTUAL_HYBRID,10,329,0.46200607902735563,0.7537993920972644,0.5976409376825771,4.3890577507598785
DEV_FROZEN,ACTUAL_HYBRID,102,282,0.1702127659574468,0.7730496453900709,0.41498320371506037,4.358156028368795
DEV_FROZEN,ACTUAL_HYBRID,104,264,0.5454545454545454,0.9431818181818182,0.7132644378568291,2.1666666666666665
DEV_FROZEN,ACTUAL_HYBRID,105,276,0.4057971014492754,0.6413043478260869,0.5269016953783004,6.1231884057971016
DEV_FROZEN,ACTUAL_HYBRID,106,253,0.7628458498023716,0.9960474308300395,0.8659420289855073,1.3478260869565217
DEV_FROZEN,ACTUAL_HYBRID,107,236,0.4788135593220339,0.9110169491525424,0.6619333779104468,2.5466101694915255
DEV_FROZEN,ACTUAL_HYBRID,108,288,0.9548611111111112,0.9861111111111112,0.9695616883116883,1.1423611111111112
DEV_FROZEN,ACTUAL_HYBRID,109,290,0.6655172413793103,0.9482758620689655,0.7821250684181719,1.8862068965517242
DEV_FROZEN,ACTUAL_HYBRID,11,303,0.9042904290429042,0.9933993399339934,0.9479176489077479,1.2178217821782178
DEV_FROZEN,ACTUAL_HYBRID,110,293,0.7508532423208191,1.0,0.8296359499431171,1.6040955631399318
DEV_FROZEN,ACTUAL_HYBRID,113,289,0.48788927335640137,0.8927335640138409,0.6382396630666527,2.7716262975778547
DEV_FROZEN,ACTUAL_HYBRID,117,289,0.29411764705882354,1.0,0.5449826989619377,2.3183391003460208
DEV_FROZEN,ACTUAL_HYBRID,12,312,0.3974358974358974,0.7403846153846154,0.5480062317929707,4.951923076923077
DEV_FROZEN,ACTUAL_HYBRID,14,306,0.13398692810457516,0.17973856209150327,0.1827314273201313,27.029411764705884
DEV_FROZEN,ACTUAL_HYBRID,18,330,0.6909090909090909,0.9666666666666667,0.8011387686387687,1.7212121212121212
DEV_FROZEN,ACTUAL_HYBRID,2,287,0.7247386759581882,1.0,0.852903600464576,1.3414634146341464
DEV_FROZEN,ACTUAL_HYBRID,21,308,0.5974025974025974,0.9577922077922078,0.7428343720408274,1.9902597402597402
DEV_FROZEN,ACTUAL_HYBRID,24,263,0.4296577946768061,0.7110266159695817,0.5553925226096751,4.47148288973384
DEV_FROZEN,ACTUAL_HYBRID,25,312,0.41346153846153844,0.7884615384615384,0.57435734375739,3.8301282051282053
DEV_FROZEN,ACTUAL_HYBRID,27,310,0.2129032258064516,0.635483870967742,0.3926668476916869,8.212903225806452
DEV_FROZEN,ACTUAL_HYBRID,28,286,0.6013986013986014,0.986013986013986,0.7753579753579755,1.6153846153846154
DEV_FROZEN,ACTUAL_HYBRID,29,320,0.253125,0.559375,0.39704328838712094,8.94375
DEV_FROZEN,ACTUAL_HYBRID,31,289,0.8339100346020761,0.9688581314878892,0.8908716427747569,1.439446366782007
DEV_FROZEN,ACTUAL_HYBRID,34,251,0.8366533864541833,0.9840637450199203,0.9053057610826535,1.3067729083665338
DEV_FROZEN,ACTUAL_HYBRID,35,297,0.1919191919191919,0.468013468013468,0.3245866219867041,8.905723905723907
DEV_FROZEN,ACTUAL_HYBRID,36,305,0.3475409836065574,0.8754098360655738,0.5648605049877388,3.236065573770492
DEV_FROZEN,ACTUAL_HYBRID,37,316,0.31962025316455694,0.6012658227848101,0.46344466101249193,7.082278481012659
DEV_FROZEN,ACTUAL_HYBRID,39,284,0.5140845070422535,0.8697183098591549,0.6703247652191315,2.609154929577465
DEV_FROZEN,ACTUAL_HYBRID,40,219,0.3561643835616438,0.6484018264840182,0.489767458343342,6.018264840182648
DEV_FROZEN,ACTUAL_HYBRID,41,267,0.5842696629213483,0.846441947565543,0.7136143408101733,2.8951310861423223
DEV_FROZEN,ACTUAL_HYBRID,42,279,0.5268817204301075,0.8781362007168458,0.6714087883442722,2.5448028673835124
DEV_FROZEN,ACTUAL_HYBRID,43,260,0.7307692307692307,0.9615384615384616,0.834757326007326,1.6384615384615384
DEV_FROZEN,ACTUAL_HYBRID,45,273,0.5531135531135531,0.8388278388278388,0.6773968919756183,2.9816849816849818
DEV_FROZEN,ACTUAL_HYBRID,46,284,0.49295774647887325,0.9366197183098591,0.6803639142547593,2.2077464788732395
DEV_FROZEN,ACTUAL_HYBRID,47,295,0.6610169491525424,0.8915254237288136,0.752485665223031,2.5796610169491525
DEV_FROZEN,ACTUAL_HYBRID,48,260,0.41923076923076924,0.9230769230769231,0.6176510989010988,2.45
DEV_FROZEN,ACTUAL_HYBRID,50,290,0.22758620689655173,0.5655172413793104,0.38693703532685053,6.165517241379311
DEV_FROZEN,ACTUAL_HYBRID,51,299,0.2809364548494983,0.9096989966555183,0.5331006623439735,2.919732441471572
DEV_FROZEN,ACTUAL_HYBRID,52,291,0.5670103092783505,0.8006872852233677,0.6685328086134312,5.580756013745704
DEV_FROZEN,ACTUAL_HYBRID,53,298,0.6778523489932886,0.9026845637583892,0.7869814584171843,2.442953020134228
DEV_FROZEN,ACTUAL_HYBRID,54,288,0.8576388888888888,0.8888888888888888,0.8768019164957257,4.024305555555555
DEV_FROZEN,ACTUAL_HYBRID,55,281,0.2313167259786477,0.608540925266904,0.41484483537044314,6.7686832740213525
DEV_FROZEN,ACTUAL_HYBRID,57,240,0.3333333333333333,0.6958333333333333,0.4908544922999258,4.7375
DEV_FROZEN,ACTUAL_HYBRID,6,325,0.6092307692307692,0.8153846153846154,0.7054070888350379,3.7753846153846156
DEV_FROZEN,ACTUAL_HYBRID,60,293,0.2832764505119454,0.6689419795221843,0.4562586626074389,6.8805460750853245
DEV_FROZEN,ACTUAL_HYBRID,61,276,0.1956521739130435,0.9746376811594203,0.47009000460087413,2.8043478260869565
DEV_FROZEN,ACTUAL_HYBRID,63,274,0.34306569343065696,0.7591240875912408,0.5120462899685968,4.521897810218978
DEV_FROZEN,ACTUAL_HYBRID,68,289,0.7854671280276817,0.9273356401384083,0.845281206427707,2.14878892733564
DEV_FROZEN,ACTUAL_HYBRID,7,338,0.05325443786982249,0.7218934911242604,0.31109087387482703,5.017751479289941
DEV_FROZEN,ACTUAL_HYBRID,71,289,0.3494809688581315,0.6851211072664359,0.4987922058992373,5.567474048442906
DEV_FROZEN,ACTUAL_HYBRID,72,297,0.4478114478114478,0.7037037037037037,0.5757047292400829,3.9663299663299663
DEV_FROZEN,ACTUAL_HYBRID,76,269,0.7360594795539034,0.9516728624535316,0.8262132009369841,1.8921933085501859
DEV_FROZEN,ACTUAL_HYBRID,77,257,0.01556420233463035,0.05058365758754864,0.06665043596952307,31.43190661478599
DEV_FROZEN,ACTUAL_HYBRID,78,293,0.6348122866894198,0.7440273037542662,0.6940353051396055,4.771331058020478
DEV_FROZEN,ACTUAL_HYBRID,80,287,0.6550522648083623,0.9860627177700348,0.8044298519908277,1.5679442508710801
DEV_FROZEN,ACTUAL_HYBRID,81,238,0.7394957983193278,0.9369747899159664,0.824130788679108,1.9285714285714286
DEV_FROZEN,ACTUAL_HYBRID,86,292,0.9486301369863014,1.0,0.9691780821917808,1.082191780821918
DEV_FROZEN,ACTUAL_HYBRID,89,273,0.7912087912087912,0.9487179487179487,0.8642954884621551,1.9084249084249085
DEV_FROZEN,ACTUAL_HYBRID,9,337,0.026706231454005934,0.29673590504451036,0.1806012131407846,9.537091988130564
DEV_FROZEN,ACTUAL_HYBRID,90,178,0.056179775280898875,0.19662921348314608,0.17038681076840068,11.589887640449438
DEV_FROZEN,ACTUAL_HYBRID,92,286,0.4755244755244755,0.6748251748251748,0.5736220497482475,7.2272727272727275
DEV_FROZEN,ACTUAL_HYBRID,96,290,0.6172413793103448,0.9379310344827586,0.749213315420212,2.0172413793103448
DEV_FROZEN,ACTUAL_HYBRID,97,282,0.05319148936170213,1.0,0.5177304964539007,2.0
DEV_FROZEN,ACTUAL_HYBRID,98,289,0.6643598615916955,0.916955017301038,0.7714640061571403,2.3044982698961936
HISTORICAL_FINAL,MICRO,0,299,0.043478260869565216,0.3277591973244147,0.1851508339695577,19.06020066889632
HISTORICAL_FINAL,MICRO,10,329,0.04559270516717325,0.182370820668693,0.144951791788313,19.699088145896656
HISTORICAL_FINAL,MICRO,102,282,0.0,0.34397163120567376,0.1517391685600604,15.602836879432624
HISTORICAL_FINAL,MICRO,104,264,0.026515151515151516,0.06439393939393939,0.06665002547870358,43.359848484848484
HISTORICAL_FINAL,MICRO,105,276,0.40217391304347827,0.7355072463768116,0.5534906947253577,11.195652173913043
HISTORICAL_FINAL,MICRO,106,253,0.2608695652173913,0.7233201581027668,0.44914721439653316,6.679841897233201
HISTORICAL_FINAL,MICRO,107,236,0.029661016949152543,0.4533898305084746,0.21109316521390822,14.194915254237289
HISTORICAL_FINAL,MICRO,108,288,0.6458333333333334,0.8090277777777778,0.7222504427879353,5.322916666666667
HISTORICAL_FINAL,MICRO,109,290,0.3793103448275862,0.8551724137931035,0.587237493425135,4.220689655172414
HISTORICAL_FINAL,MICRO,11,303,0.15841584158415842,0.801980198019802,0.4113878587106832,3.722772277227723
HISTORICAL_FINAL,MICRO,110,293,0.3003412969283277,0.9761092150170648,0.5150086309216002,3.1262798634812285
HISTORICAL_FINAL,MICRO,113,289,0.28027681660899656,0.71280276816609,0.4703616466394679,8.1280276816609
HISTORICAL_FINAL,MICRO,117,289,0.9584775086505191,1.0,0.9746251441753171,1.069204152249135
HISTORICAL_FINAL,MICRO,12,312,0.08333333333333333,0.391025641025641,0.23741793801643213,12.64423076923077
HISTORICAL_FINAL,MICRO,14,306,0.11764705882352941,0.2973856209150327,0.21353697298179236,23.11437908496732
HISTORICAL_FINAL,MICRO,18,330,0.22121212121212122,0.8,0.4553744147062737,4.2303030303030305
HISTORICAL_FINAL,MICRO,2,287,0.010452961672473868,0.6236933797909407,0.24203534418519895,8.048780487804878
HISTORICAL_FINAL,MICRO,21,308,0.19480519480519481,0.35714285714285715,0.29138524663673404,18.457792207792206
HISTORICAL_FINAL,MICRO,24,263,0.034220532319391636,0.3193916349809886,0.1799879475101486,16.03422053231939
HISTORICAL_FINAL,MICRO,25,312,0.07371794871794872,0.40064102564102566,0.22637600104766756,15.698717948717949
HISTORICAL_FINAL,MICRO,27,310,0.0,0.01935483870967742,0.0282671001951968,49.84516129032258
HISTORICAL_FINAL,MICRO,28,286,0.9825174825174825,1.0,0.9898018648018647,1.027972027972028
HISTORICAL_FINAL,MICRO,29,320,0.0875,0.25625,0.17797046365292618,29.559375
HISTORICAL_FINAL,MICRO,31,289,0.328719723183391,0.8442906574394463,0.5454723651989253,5.2456747404844295
HISTORICAL_FINAL,MICRO,34,251,0.24302788844621515,0.8207171314741036,0.45707281281264417,3.944223107569721
HISTORICAL_FINAL,MICRO,35,297,0.23905723905723905,0.5117845117845118,0.3792523201824046,12.239057239057239
HISTORICAL_FINAL,MICRO,36,305,0.0,0.01639344262295082,0.04218692019298223,32.82622950819672
HISTORICAL_FINAL,MICRO,37,316,0.03481012658227848,0.2689873417721519,0.1586703700177937,19.813291139240505
HISTORICAL_FINAL,MICRO,39,284,0.11267605633802817,0.31338028169014087,0.22084402997473374,22.390845070422536
HISTORICAL_FINAL,MICRO,40,219,0.0730593607305936,0.2557077625570776,0.18841007472922808,16.579908675799086
HISTORICAL_FINAL,MICRO,41,267,0.011235955056179775,0.2846441947565543,0.14510028060735022,11.082397003745319
HISTORICAL_FINAL,MICRO,42,279,0.27956989247311825,0.8494623655913979,0.5447792445398304,3.8100358422939067
HISTORICAL_FINAL,MICRO,43,260,0.18076923076923077,0.4076923076923077,0.29521242075217496,15.146153846153846
HISTORICAL_FINAL,MICRO,45,273,0.06227106227106227,0.4468864468864469,0.2571646088404484,11.32967032967033
HISTORICAL_FINAL,MICRO,46,284,0.3908450704225352,0.6690140845070423,0.518782316342558,11.626760563380282
HISTORICAL_FINAL,MICRO,47,295,0.5525423728813559,0.7796610169491526,0.6515791655750934,6.5423728813559325
HISTORICAL_FINAL,MICRO,48,260,0.2,0.7192307692307692,0.40918702974420346,6.561538461538461
HISTORICAL_FINAL,MICRO,50,290,0.0,0.06206896551724138,0.05506420312041937,31.951724137931034
HISTORICAL_FINAL,MICRO,51,299,0.06688963210702341,0.3311036789297659,0.1890746648587491,20.304347826086957
HISTORICAL_FINAL,MICRO,52,291,0.10652920962199312,0.6219931271477663,0.339417535219459,8.993127147766323
HISTORICAL_FINAL,MICRO,53,298,0.7919463087248322,0.9194630872483222,0.8518710732280674,2.4865771812080535
HISTORICAL_FINAL,MICRO,54,288,0.4409722222222222,0.5902777777777778,0.513927523038077,19.20486111111111
HISTORICAL_FINAL,MICRO,55,281,0.7864768683274022,0.9679715302491103,0.8625840253064453,1.5907473309608542
HISTORICAL_FINAL,MICRO,57,240,0.12916666666666668,0.475,0.2794983551840723,23.820833333333333
HISTORICAL_FINAL,MICRO,6,325,0.08307692307692308,0.17846153846153845,0.16233103278794156,20.993846153846153
HISTORICAL_FINAL,MICRO,60,293,0.07508532423208192,0.44368600682593856,0.2265427090197331,20.737201365187712
HISTORICAL_FINAL,MICRO,61,276,0.09420289855072464,0.19927536231884058,0.1751643106563227,20.659420289855074
HISTORICAL_FINAL,MICRO,63,274,0.040145985401459854,0.291970802919708,0.19206366315088166,9.941605839416058
HISTORICAL_FINAL,MICRO,68,289,0.27335640138408307,0.643598615916955,0.43539781486441015,12.380622837370241
HISTORICAL_FINAL,MICRO,7,338,0.008875739644970414,0.35502958579881655,0.18769227362201593,9.1301775147929
HISTORICAL_FINAL,MICRO,71,289,0.41522491349480967,0.6228373702422145,0.5137077044507461,15.290657439446367
HISTORICAL_FINAL,MICRO,72,297,0.32323232323232326,0.6060606060606061,0.45199156034944643,10.932659932659933
HISTORICAL_FINAL,MICRO,76,269,0.43866171003717475,0.6579925650557621,0.5490351678999403,7.152416356877324
HISTORICAL_FINAL,MICRO,77,257,0.17898832684824903,0.6186770428015564,0.3663502693828155,8.299610894941635
HISTORICAL_FINAL,MICRO,78,293,0.32081911262798635,0.5938566552901023,0.43719784072714624,13.593856655290102
HISTORICAL_FINAL,MICRO,80,287,0.4564459930313589,0.7177700348432056,0.5708687638695988,12.501742160278745
HISTORICAL_FINAL,MICRO,81,238,0.029411764705882353,0.24789915966386555,0.16725930007422554,12.289915966386555
HISTORICAL_FINAL,MICRO,86,292,0.003424657534246575,1.0,0.3356164383561644,2.993150684931507
HISTORICAL_FINAL,MICRO,89,273,0.6153846153846154,0.8681318681318682,0.7317796541094284,3.120879120879121
HISTORICAL_FINAL,MICRO,9,337,0.0,0.0,0.025971928212480243,44.09495548961424
HISTORICAL_FINAL,MICRO,90,178,0.0056179775280898875,0.056179775280898875,0.04534715521402588,52.56741573033708
HISTORICAL_FINAL,MICRO,92,286,0.1258741258741259,0.3041958041958042,0.2215258540857662,29.86013986013986
HISTORICAL_FINAL,MICRO,96,290,0.3310344827586207,0.7344827586206897,0.48891969300342963,7.713793103448276
HISTORICAL_FINAL,MICRO,97,282,0.01773049645390071,1.0,0.5088652482269503,1.9822695035460993
HISTORICAL_FINAL,MICRO,98,289,0.2041522491349481,0.41522491349480967,0.3133498046177785,14.512110726643598
HISTORICAL_FINAL,MICRO_XGB_OUTER55,0,299,0.3511705685618729,0.9364548494983278,0.5869647260951609,2.5050167224080266
HISTORICAL_FINAL,MICRO_XGB_OUTER55,10,329,0.0729483282674772,0.364741641337386,0.22352911065464987,8.72644376899696
HISTORICAL_FINAL,MICRO_XGB_OUTER55,102,282,0.024822695035460994,0.6134751773049646,0.2485941870093935,5.379432624113475
HISTORICAL_FINAL,MICRO_XGB_OUTER55,104,264,0.11363636363636363,0.6628787878787878,0.3291368647568514,5.03030303030303
HISTORICAL_FINAL,MICRO_XGB_OUTER55,105,276,0.4528985507246377,0.7644927536231884,0.5953943964838297,4.398550724637682
HISTORICAL_FINAL,MICRO_XGB_OUTER55,106,253,0.1541501976284585,0.8063241106719368,0.40037329819938516,3.7509881422924902
HISTORICAL_FINAL,MICRO_XGB_OUTER55,107,236,0.3516949152542373,0.9576271186440678,0.6119291431261771,2.2711864406779663
HISTORICAL_FINAL,MICRO_XGB_OUTER55,108,288,0.9513888888888888,0.9965277777777778,0.9672743055555555,1.1215277777777777
HISTORICAL_FINAL,MICRO_XGB_OUTER55,109,290,0.4896551724137931,0.9551724137931035,0.7002204309100861,1.9758620689655173
HISTORICAL_FINAL,MICRO_XGB_OUTER55,11,303,0.7788778877887789,0.9735973597359736,0.8714031522199841,1.5016501650165017
HISTORICAL_FINAL,MICRO_XGB_OUTER55,110,293,0.4709897610921502,1.0,0.654835039817975,2.156996587030717
HISTORICAL_FINAL,MICRO_XGB_OUTER55,113,289,0.31833910034602075,0.8823529411764706,0.5339328025594053,3.055363321799308
HISTORICAL_FINAL,MICRO_XGB_OUTER55,117,289,0.3771626297577855,1.0,0.6764705882352942,1.6955017301038062
HISTORICAL_FINAL,MICRO_XGB_OUTER55,12,312,0.08012820512820513,0.5416666666666666,0.2887125000544118,5.698717948717949
HISTORICAL_FINAL,MICRO_XGB_OUTER55,14,306,0.0915032679738562,0.18627450980392157,0.167525879901585,20.754901960784313
HISTORICAL_FINAL,MICRO_XGB_OUTER55,18,330,0.30606060606060603,0.9424242424242424,0.5680074555074555,2.5090909090909093
HISTORICAL_FINAL,MICRO_XGB_OUTER55,2,287,0.4843205574912892,0.9442508710801394,0.6713193407444278,2.1846689895470384
HISTORICAL_FINAL,MICRO_XGB_OUTER55,21,308,0.21103896103896103,0.3961038961038961,0.3266108188693021,9.733766233766234
HISTORICAL_FINAL,MICRO_XGB_OUTER55,24,263,0.11787072243346007,0.5171102661596958,0.31394695838699105,6.577946768060836
HISTORICAL_FINAL,MICRO_XGB_OUTER55,25,312,0.2692307692307692,0.7980769230769231,0.48644463292742646,3.798076923076923
HISTORICAL_FINAL,MICRO_XGB_OUTER55,27,310,0.0,0.07419354838709677,0.09997301789151218,12.716129032258065
HISTORICAL_FINAL,MICRO_XGB_OUTER55,28,286,0.9895104895104895,1.0,0.9935897435897435,1.0174825174825175
HISTORICAL_FINAL,MICRO_XGB_OUTER55,29,320,0.125,0.503125,0.30715182486803305,6.303125
HISTORICAL_FINAL,MICRO_XGB_OUTER55,31,289,0.36678200692041524,0.9550173010380623,0.6048320576002236,2.3460207612456747
HISTORICAL_FINAL,MICRO_XGB_OUTER55,34,251,0.7370517928286853,0.9920318725099602,0.8532008330315103,1.4302788844621515
HISTORICAL_FINAL,MICRO_XGB_OUTER55,35,297,0.12794612794612795,0.6397306397306397,0.3484545732700432,6.63973063973064
HISTORICAL_FINAL,MICRO_XGB_OUTER55,36,305,0.06557377049180328,0.39672131147540984,0.23929461717433026,9.124590163934426
HISTORICAL_FINAL,MICRO_XGB_OUTER55,37,316,0.05379746835443038,0.6265822784810127,0.29930960247518706,5.905063291139241
HISTORICAL_FINAL,MICRO_XGB_OUTER55,39,284,0.17253521126760563,0.5352112676056338,0.3484705224354953,6.588028169014085
HISTORICAL_FINAL,MICRO_XGB_OUTER55,40,219,0.0228310502283105,0.2009132420091324,0.15106383953480437,12.232876712328768
HISTORICAL_FINAL,MICRO_XGB_OUTER55,41,267,0.30711610486891383,0.8614232209737828,0.5115247723817604,3.8801498127340825
HISTORICAL_FINAL,MICRO_XGB_OUTER55,42,279,0.6845878136200717,0.9498207885304659,0.8012711601421278,1.8602150537634408
HISTORICAL_FINAL,MICRO_XGB_OUTER55,43,260,0.3153846153846154,0.8307692307692308,0.5005501763194071,3.7615384615384615
HISTORICAL_FINAL,MICRO_XGB_OUTER55,45,273,0.05128205128205128,0.5054945054945055,0.26710061515345584,6.937728937728938
HISTORICAL_FINAL,MICRO_XGB_OUTER55,46,284,0.5598591549295775,0.9014084507042254,0.6913867040627605,2.51056338028169
HISTORICAL_FINAL,MICRO_XGB_OUTER55,47,295,0.7389830508474576,0.9728813559322034,0.8361662631154158,1.576271186440678
HISTORICAL_FINAL,MICRO_XGB_OUTER55,48,260,0.29615384615384616,0.9038461538461539,0.5367646242646242,2.853846153846154
HISTORICAL_FINAL,MICRO_XGB_OUTER55,50,290,0.0,0.13793103448275862,0.1200810349207222,11.413793103448276
HISTORICAL_FINAL,MICRO_XGB_OUTER55,51,299,0.24414715719063546,0.8093645484949833,0.4916038273336577,3.8361204013377925
HISTORICAL_FINAL,MICRO_XGB_OUTER55,52,291,0.10996563573883161,0.7353951890034365,0.40360586816772387,4.164948453608248
HISTORICAL_FINAL,MICRO_XGB_OUTER55,53,298,0.8993288590604027,0.9899328859060402,0.9438478747203579,1.1711409395973154
HISTORICAL_FINAL,MICRO_XGB_OUTER55,54,288,0.3715277777777778,0.5694444444444444,0.4765493204952601,9.649305555555555
HISTORICAL_FINAL,MICRO_XGB_OUTER55,55,281,0.9217081850533808,0.9893238434163701,0.9490510083036774,1.209964412811388
HISTORICAL_FINAL,MICRO_XGB_OUTER55,57,240,0.12916666666666668,0.375,0.2705169042994996,11.479166666666666
HISTORICAL_FINAL,MICRO_XGB_OUTER55,6,325,0.12,0.27692307692307694,0.2124327117398337,17.15692307692308
HISTORICAL_FINAL,MICRO_XGB_OUTER55,60,293,0.07508532423208192,0.5972696245733788,0.3006457644222598,6.221843003412969
HISTORICAL_FINAL,MICRO_XGB_OUTER55,61,276,0.11956521739130435,0.31521739130434784,0.24788297697713074,10.177536231884059
HISTORICAL_FINAL,MICRO_XGB_OUTER55,63,274,0.051094890510948905,0.2664233576642336,0.18393677623734447,10.645985401459853
HISTORICAL_FINAL,MICRO_XGB_OUTER55,68,289,0.44982698961937717,0.8304498269896193,0.6141502799976547,3.1591695501730106
HISTORICAL_FINAL,MICRO_XGB_OUTER55,7,338,0.0029585798816568047,0.5,0.2057873775106966,7.233727810650888
HISTORICAL_FINAL,MICRO_XGB_OUTER55,71,289,0.44982698961937717,0.9238754325259516,0.6611653728007761,2.5224913494809686
HISTORICAL_FINAL,MICRO_XGB_OUTER55,72,297,0.31986531986531985,0.6902356902356902,0.48920762782913696,4.292929292929293
HISTORICAL_FINAL,MICRO_XGB_OUTER55,76,269,0.5018587360594795,0.9107806691449815,0.6623565422381702,2.8847583643122676
HISTORICAL_FINAL,MICRO_XGB_OUTER55,77,257,0.10505836575875487,0.4785992217898833,0.2835884571727495,8.04669260700389
HISTORICAL_FINAL,MICRO_XGB_OUTER55,78,293,0.4334470989761092,0.7781569965870307,0.5879260197519582,3.477815699658703
HISTORICAL_FINAL,MICRO_XGB_OUTER55,80,287,0.8466898954703833,0.975609756097561,0.9069534317792158,1.3414634146341464
HISTORICAL_FINAL,MICRO_XGB_OUTER55,81,238,0.05042016806722689,0.542016806722689,0.27519754748190245,5.966386554621849
HISTORICAL_FINAL,MICRO_XGB_OUTER55,86,292,0.030821917808219176,1.0,0.3675799086757991,2.856164383561644
HISTORICAL_FINAL,MICRO_XGB_OUTER55,89,273,0.6263736263736264,0.8754578754578755,0.7387997327575333,2.84981684981685
HISTORICAL_FINAL,MICRO_XGB_OUTER55,9,337,0.0,0.011869436201780416,0.051590282401041125,22.96439169139466
HISTORICAL_FINAL,MICRO_XGB_OUTER55,90,178,0.0,0.0056179775280898875,0.037467597106811266,32.86516853932584
HISTORICAL_FINAL,MICRO_XGB_OUTER55,92,286,0.10839160839160839,0.24825174825174826,0.20386047745674735,17.10839160839161
HISTORICAL_FINAL,MICRO_XGB_OUTER55,96,290,0.35172413793103446,0.9758620689655172,0.5933087027914614,2.279310344827586
HISTORICAL_FINAL,MICRO_XGB_OUTER55,97,282,0.39361702127659576,1.0,0.6891252955082742,1.6524822695035462
HISTORICAL_FINAL,MICRO_XGB_OUTER55,98,289,0.35294117647058826,0.7820069204152249,0.5338680028142987,3.8996539792387543
HISTORICAL_FINAL,MICRO_LTD_OUTER55,0,299,0.1705685618729097,0.7391304347826086,0.4038895383778777,4.94314381270903
HISTORICAL_FINAL,MICRO_LTD_OUTER55,10,329,0.03951367781155015,0.2917933130699088,0.18650567210232957,8.158054711246201
HISTORICAL_FINAL,MICRO_LTD_OUTER55,102,282,0.1099290780141844,0.5815602836879432,0.29633101749974594,9.556737588652481
HISTORICAL_FINAL,MICRO_LTD_OUTER55,104,264,0.03787878787878788,0.10227272727272728,0.12016381978220728,14.412878787878787
HISTORICAL_FINAL,MICRO_LTD_OUTER55,105,276,0.15217391304347827,0.39492753623188404,0.2863816864265066,11.789855072463768
HISTORICAL_FINAL,MICRO_LTD_OUTER55,106,253,0.1422924901185771,0.7786561264822134,0.3778780379270154,4.699604743083004
HISTORICAL_FINAL,MICRO_LTD_OUTER55,107,236,0.1271186440677966,0.3559322033898305,0.24780282968537015,17.728813559322035
HISTORICAL_FINAL,MICRO_LTD_OUTER55,108,288,0.8368055555555556,0.9826388888888888,0.8893518518518518,1.4409722222222223
HISTORICAL_FINAL,MICRO_LTD_OUTER55,109,290,0.5758620689655173,0.9206896551724137,0.7272417525003732,2.220689655172414
HISTORICAL_FINAL,MICRO_LTD_OUTER55,11,303,0.7128712871287128,0.9735973597359736,0.8332751132256083,1.7128712871287128
HISTORICAL_FINAL,MICRO_LTD_OUTER55,110,293,0.46757679180887374,0.9863481228668942,0.6344872419957744,2.3412969283276452
HISTORICAL_FINAL,MICRO_LTD_OUTER55,113,289,0.2837370242214533,0.671280276816609,0.45119401118616725,7.349480968858131
HISTORICAL_FINAL,MICRO_LTD_OUTER55,117,289,0.03460207612456748,1.0,0.5115340253748558,2.0
HISTORICAL_FINAL,MICRO_LTD_OUTER55,12,312,0.038461538461538464,0.25961538461538464,0.16644528393999114,16.397435897435898
HISTORICAL_FINAL,MICRO_LTD_OUTER55,14,306,0.0784313725490196,0.12745098039215685,0.12743337676091135,27.330065359477125
HISTORICAL_FINAL,MICRO_LTD_OUTER55,18,330,0.045454545454545456,0.29393939393939394,0.1763002518312413,12.281818181818181
HISTORICAL_FINAL,MICRO_LTD_OUTER55,2,287,0.6341463414634146,0.9407665505226481,0.7701482218903822,1.89198606271777
HISTORICAL_FINAL,MICRO_LTD_OUTER55,21,308,0.2564935064935065,0.538961038961039,0.3955612756424685,6.4480519480519485
HISTORICAL_FINAL,MICRO_LTD_OUTER55,24,263,0.08365019011406843,0.4448669201520912,0.24541285794632206,8.011406844106464
HISTORICAL_FINAL,MICRO_LTD_OUTER55,25,312,0.00641025641025641,0.09935897435897435,0.083329647300049,22.897435897435898
HISTORICAL_FINAL,MICRO_LTD_OUTER55,27,310,0.0,0.00967741935483871,0.054513556745050346,22.548387096774192
HISTORICAL_FINAL,MICRO_LTD_OUTER55,28,286,0.9825174825174825,1.0,0.9896270396270396,1.0314685314685315
HISTORICAL_FINAL,MICRO_LTD_OUTER55,29,320,0.009375,0.0125,0.047072135960930725,38.121875
HISTORICAL_FINAL,MICRO_LTD_OUTER55,31,289,0.21453287197231835,0.8027681660899654,0.42120958554802174,4.342560553633218
HISTORICAL_FINAL,MICRO_LTD_OUTER55,34,251,0.12350597609561753,0.2350597609561753,0.19800634987618723,19.067729083665338
HISTORICAL_FINAL,MICRO_LTD_OUTER55,35,297,0.18855218855218855,0.3333333333333333,0.27513600337415905,21.134680134680135
HISTORICAL_FINAL,MICRO_LTD_OUTER55,36,305,0.006557377049180328,0.17049180327868851,0.12411769963988621,12.518032786885247
HISTORICAL_FINAL,MICRO_LTD_OUTER55,37,316,0.04746835443037975,0.21835443037974683,0.14583609257218372,23.09493670886076
HISTORICAL_FINAL,MICRO_LTD_OUTER55,39,284,0.23943661971830985,0.6866197183098591,0.4232662719065216,5.524647887323944
HISTORICAL_FINAL,MICRO_LTD_OUTER55,40,219,0.1461187214611872,0.3698630136986301,0.2681326857172632,11.561643835616438
HISTORICAL_FINAL,MICRO_LTD_OUTER55,41,267,0.21722846441947566,0.5580524344569289,0.3852405929611255,6.00374531835206
HISTORICAL_FINAL,MICRO_LTD_OUTER55,42,279,0.5304659498207885,0.978494623655914,0.7262431017807361,1.8172043010752688
HISTORICAL_FINAL,MICRO_LTD_OUTER55,43,260,0.3769230769230769,0.9230769230769231,0.5799358974358975,2.7153846153846155
HISTORICAL_FINAL,MICRO_LTD_OUTER55,45,273,0.04395604395604396,0.23809523809523808,0.16860108126741827,14.245421245421245
HISTORICAL_FINAL,MICRO_LTD_OUTER55,46,284,0.43309859154929575,0.8309859154929577,0.5981419206771319,3.0492957746478875
HISTORICAL_FINAL,MICRO_LTD_OUTER55,47,295,0.2305084745762712,0.511864406779661,0.35488081124928855,15.203389830508474
HISTORICAL_FINAL,MICRO_LTD_OUTER55,48,260,0.36153846153846153,0.9384615384615385,0.6251635719735269,2.330769230769231
HISTORICAL_FINAL,MICRO_LTD_OUTER55,50,290,0.006896551724137931,0.17586206896551723,0.12549719334299372,12.155172413793103
HISTORICAL_FINAL,MICRO_LTD_OUTER55,51,299,0.0802675585284281,0.43478260869565216,0.24758406212536446,7.431438127090301
HISTORICAL_FINAL,MICRO_LTD_OUTER55,52,291,0.0859106529209622,0.3642611683848797,0.22613637391007704,16.652920962199314
HISTORICAL_FINAL,MICRO_LTD_OUTER55,53,298,0.697986577181208,0.8053691275167785,0.7505281682529226,5.093959731543624
HISTORICAL_FINAL,MICRO_LTD_OUTER55,54,288,0.4513888888888889,0.5451388888888888,0.5121121036455131,13.333333333333334
HISTORICAL_FINAL,MICRO_LTD_OUTER55,55,281,0.6797153024911032,0.8434163701067615,0.7537184736503554,3.9715302491103204
HISTORICAL_FINAL,MICRO_LTD_OUTER55,57,240,0.19583333333333333,0.4875,0.3390859331443681,10.245833333333334
HISTORICAL_FINAL,MICRO_LTD_OUTER55,6,325,0.08307692307692308,0.4369230769230769,0.24351809770886287,9.72
HISTORICAL_FINAL,MICRO_LTD_OUTER55,60,293,0.06143344709897611,0.23208191126279865,0.16309981556882544,21.631399317406142
HISTORICAL_FINAL,MICRO_LTD_OUTER55,61,276,0.08695652173913043,0.7246376811594203,0.3243632776241472,4.5398550724637685
HISTORICAL_FINAL,MICRO_LTD_OUTER55,63,274,0.08394160583941605,0.5802919708029197,0.28362370500570766,6.5036496350364965
HISTORICAL_FINAL,MICRO_LTD_OUTER55,68,289,0.3079584775086505,0.6089965397923875,0.44909872022969854,10.134948096885813
HISTORICAL_FINAL,MICRO_LTD_OUTER55,7,338,0.011834319526627219,0.5088757396449705,0.19905569523932062,8.31360946745562
HISTORICAL_FINAL,MICRO_LTD_OUTER55,71,289,0.4083044982698962,0.6193771626297578,0.5178518594410014,7.989619377162629
HISTORICAL_FINAL,MICRO_LTD_OUTER55,72,297,0.38047138047138046,0.5353535353535354,0.47328861703121705,10.016835016835017
HISTORICAL_FINAL,MICRO_LTD_OUTER55,76,269,0.4349442379182156,0.7174721189591078,0.5608705187935572,5.078066914498141
HISTORICAL_FINAL,MICRO_LTD_OUTER55,77,257,0.14396887159533073,0.4085603112840467,0.2799917980831964,12.350194552529183
HISTORICAL_FINAL,MICRO_LTD_OUTER55,78,293,0.14675767918088736,0.40273037542662116,0.27905692411812555,12.051194539249147
HISTORICAL_FINAL,MICRO_LTD_OUTER55,80,287,0.3554006968641115,0.578397212543554,0.4599138711708995,11.853658536585366
HISTORICAL_FINAL,MICRO_LTD_OUTER55,81,238,0.09663865546218488,0.5756302521008403,0.29113956567759475,7.03781512605042
HISTORICAL_FINAL,MICRO_LTD_OUTER55,86,292,0.003424657534246575,1.0,0.3356164383561644,2.993150684931507
HISTORICAL_FINAL,MICRO_LTD_OUTER55,89,273,0.358974358974359,0.663003663003663,0.5001481261242039,5.5787545787545785
HISTORICAL_FINAL,MICRO_LTD_OUTER55,9,337,0.0,0.0,0.04397385380818379,27.13946587537092
HISTORICAL_FINAL,MICRO_LTD_OUTER55,90,178,0.0,0.0,0.044028570540346174,25.34269662921348
HISTORICAL_FINAL,MICRO_LTD_OUTER55,92,286,0.017482517482517484,0.1258741258741259,0.10390326644099233,16.804195804195803
HISTORICAL_FINAL,MICRO_LTD_OUTER55,96,290,0.7931034482758621,0.9758620689655172,0.8814286958252475,1.4551724137931035
HISTORICAL_FINAL,MICRO_LTD_OUTER55,97,282,0.9893617021276596,1.0,0.9946808510638298,1.0106382978723405
HISTORICAL_FINAL,MICRO_LTD_OUTER55,98,289,0.2698961937716263,0.39792387543252594,0.35547441186945195,14.536332179930795
HISTORICAL_FINAL,HYBRID_NO_LTD_RENORM,0,299,0.14715719063545152,0.8595317725752508,0.4220375406830256,3.448160535117057
HISTORICAL_FINAL,HYBRID_NO_LTD_RENORM,10,329,0.0668693009118541,0.3161094224924012,0.20576273694686875,9.641337386018238
HISTORICAL_FINAL,HYBRID_NO_LTD_RENORM,102,282,0.0035460992907801418,0.5602836879432624,0.22333656441134536,5.904255319148936
HISTORICAL_FINAL,HYBRID_NO_LTD_RENORM,104,264,0.045454545454545456,0.3068181818181818,0.20410514723293116,7.78030303030303
HISTORICAL_FINAL,HYBRID_NO_LTD_RENORM,105,276,0.4420289855072464,0.7753623188405797,0.5940629774205136,5.166666666666667
HISTORICAL_FINAL,HYBRID_NO_LTD_RENORM,106,253,0.18181818181818182,0.8023715415019763,0.421381688656741,3.758893280632411
HISTORICAL_FINAL,HYBRID_NO_LTD_RENORM,107,236,0.2076271186440678,0.9110169491525424,0.5071075464083938,2.847457627118644
HISTORICAL_FINAL,HYBRID_NO_LTD_RENORM,108,288,0.9027777777777778,0.9895833333333334,0.9404265873015873,1.1979166666666667
HISTORICAL_FINAL,HYBRID_NO_LTD_RENORM,109,290,0.4689655172413793,0.9482758620689655,0.6849014778325123,2.0620689655172413
HISTORICAL_FINAL,HYBRID_NO_LTD_RENORM,11,303,0.6996699669966997,0.9735973597359736,0.8251975563856752,1.5907590759075907
HISTORICAL_FINAL,HYBRID_NO_LTD_RENORM,110,293,0.4061433447098976,1.0,0.6146188850967008,2.2764505119453924
HISTORICAL_FINAL,HYBRID_NO_LTD_RENORM,113,289,0.32525951557093424,0.8442906574394463,0.5322609306020664,3.356401384083045
HISTORICAL_FINAL,HYBRID_NO_LTD_RENORM,117,289,0.4083044982698962,1.0,0.698961937716263,1.6228373702422145
HISTORICAL_FINAL,HYBRID_NO_LTD_RENORM,12,312,0.08974358974358974,0.5032051282051282,0.2858656853706418,6.0256410256410255
HISTORICAL_FINAL,HYBRID_NO_LTD_RENORM,14,306,0.09477124183006536,0.21568627450980393,0.17490204477794316,20.22875816993464
HISTORICAL_FINAL,HYBRID_NO_LTD_RENORM,18,330,0.2727272727272727,0.9545454545454546,0.5477370020551838,2.515151515151515
HISTORICAL_FINAL,HYBRID_NO_LTD_RENORM,2,287,0.24041811846689895,0.9094076655052264,0.5314694113474602,2.6689895470383274
HISTORICAL_FINAL,HYBRID_NO_LTD_RENORM,21,308,0.22727272727272727,0.39285714285714285,0.33642811779064236,10.344155844155845
HISTORICAL_FINAL,HYBRID_NO_LTD_RENORM,24,263,0.07604562737642585,0.4866920152091255,0.2801652996511356,6.9505703422053235
HISTORICAL_FINAL,HYBRID_NO_LTD_RENORM,25,312,0.1762820512820513,0.7243589743589743,0.40980102850448863,4.762820512820513
HISTORICAL_FINAL,HYBRID_NO_LTD_RENORM,27,310,0.0,0.041935483870967745,0.07939641240597375,16.783870967741937
HISTORICAL_FINAL,HYBRID_NO_LTD_RENORM,28,286,0.9895104895104895,1.0,0.9935897435897435,1.0174825174825175
HISTORICAL_FINAL,HYBRID_NO_LTD_RENORM,29,320,0.115625,0.41875,0.2749984955933561,8.03125
HISTORICAL_FINAL,HYBRID_NO_LTD_RENORM,31,289,0.370242214532872,0.9377162629757786,0.5979842053371465,2.5017301038062283
HISTORICAL_FINAL,HYBRID_NO_LTD_RENORM,34,251,0.601593625498008,0.9880478087649402,0.7772095600282851,1.6374501992031874
HISTORICAL_FINAL,HYBRID_NO_LTD_RENORM,35,297,0.1717171717171717,0.6531986531986532,0.3834512902318834,6.397306397306397
HISTORICAL_FINAL,HYBRID_NO_LTD_RENORM,36,305,0.013114754098360656,0.32131147540983607,0.16408569133511616,10.62622950819672
HISTORICAL_FINAL,HYBRID_NO_LTD_RENORM,37,316,0.028481012658227847,0.5537974683544303,0.25198558799299614,6.765822784810126
HISTORICAL_FINAL,HYBRID_NO_LTD_RENORM,39,284,0.1443661971830986,0.4823943661971831,0.3117417342739192,7.661971830985915
HISTORICAL_FINAL,HYBRID_NO_LTD_RENORM,40,219,0.0273972602739726,0.2602739726027397,0.16772387805838146,11.91324200913242
HISTORICAL_FINAL,HYBRID_NO_LTD_RENORM,41,267,0.17228464419475656,0.7715355805243446,0.4093589277533689,4.352059925093633
HISTORICAL_FINAL,HYBRID_NO_LTD_RENORM,42,279,0.5483870967741935,0.946236559139785,0.7348425369930746,2.014336917562724
HISTORICAL_FINAL,HYBRID_NO_LTD_RENORM,43,260,0.27692307692307694,0.7846153846153846,0.4632674079743918,4.165384615384616
HISTORICAL_FINAL,HYBRID_NO_LTD_RENORM,45,273,0.054945054945054944,0.5054945054945055,0.281836126600101,6.695970695970696
HISTORICAL_FINAL,HYBRID_NO_LTD_RENORM,46,284,0.5105633802816901,0.7992957746478874,0.6450518329479598,3.158450704225352
HISTORICAL_FINAL,HYBRID_NO_LTD_RENORM,47,295,0.7050847457627119,0.9491525423728814,0.8037558392643138,1.8305084745762712
HISTORICAL_FINAL,HYBRID_NO_LTD_RENORM,48,260,0.2423076923076923,0.9038461538461539,0.5041117216117216,3.0384615384615383
HISTORICAL_FINAL,HYBRID_NO_LTD_RENORM,50,290,0.0,0.1,0.10863488229509259,12.7
HISTORICAL_FINAL,HYBRID_NO_LTD_RENORM,51,299,0.15719063545150502,0.7391304347826086,0.39737768494454695,4.842809364548495
HISTORICAL_FINAL,HYBRID_NO_LTD_RENORM,52,291,0.10652920962199312,0.738831615120275,0.39712008259184417,4.474226804123711
HISTORICAL_FINAL,HYBRID_NO_LTD_RENORM,53,298,0.8859060402684564,0.9932885906040269,0.9355797912005966,1.1979865771812082
HISTORICAL_FINAL,HYBRID_NO_LTD_RENORM,54,288,0.4201388888888889,0.5833333333333334,0.5061376736438612,10.583333333333334
HISTORICAL_FINAL,HYBRID_NO_LTD_RENORM,55,281,0.9074733096085409,0.9928825622775801,0.9437468225724452,1.1921708185053381
HISTORICAL_FINAL,HYBRID_NO_LTD_RENORM,57,240,0.14166666666666666,0.4375,0.2867237572296231,12.470833333333333
HISTORICAL_FINAL,HYBRID_NO_LTD_RENORM,6,325,0.10153846153846154,0.26153846153846155,0.2038275712300612,16.858461538461537
HISTORICAL_FINAL,HYBRID_NO_LTD_RENORM,60,293,0.07508532423208192,0.5733788395904437,0.28374387928724426,8.16382252559727
HISTORICAL_FINAL,HYBRID_NO_LTD_RENORM,61,276,0.11594202898550725,0.2971014492753623,0.23750600527388435,10.815217391304348
HISTORICAL_FINAL,HYBRID_NO_LTD_RENORM,63,274,0.072992700729927,0.28102189781021897,0.20119902838330106,9.467153284671532
HISTORICAL_FINAL,HYBRID_NO_LTD_RENORM,68,289,0.370242214532872,0.7785467128027682,0.5525370947607334,4.0588235294117645
HISTORICAL_FINAL,HYBRID_NO_LTD_RENORM,7,338,0.0029585798816568047,0.4881656804733728,0.2059197664019086,6.976331360946745
HISTORICAL_FINAL,HYBRID_NO_LTD_RENORM,71,289,0.4290657439446367,0.8719723183391004,0.6245338678780568,2.958477508650519
HISTORICAL_FINAL,HYBRID_NO_LTD_RENORM,72,297,0.3265993265993266,0.67003367003367,0.48934053501789687,4.5993265993265995
HISTORICAL_FINAL,HYBRID_NO_LTD_RENORM,76,269,0.483271375464684,0.8736059479553904,0.6447053249597687,2.940520446096654
HISTORICAL_FINAL,HYBRID_NO_LTD_RENORM,77,257,0.15953307392996108,0.5603112840466926,0.33560170754344104,6.937743190661479
HISTORICAL_FINAL,HYBRID_NO_LTD_RENORM,78,293,0.40273037542662116,0.6996587030716723,0.547982586910513,4.2320819112627985
HISTORICAL_FINAL,HYBRID_NO_LTD_RENORM,80,287,0.6829268292682927,0.975609756097561,0.8120112272551296,1.602787456445993
HISTORICAL_FINAL,HYBRID_NO_LTD_RENORM,81,238,0.04201680672268908,0.48739495798319327,0.24320081522256512,6.57563025210084
HISTORICAL_FINAL,HYBRID_NO_LTD_RENORM,86,292,0.00684931506849315,1.0,0.339041095890411,2.9794520547945207
HISTORICAL_FINAL,HYBRID_NO_LTD_RENORM,89,273,0.6373626373626373,0.8901098901098901,0.7501939067829755,2.652014652014652
HISTORICAL_FINAL,HYBRID_NO_LTD_RENORM,9,337,0.0,0.002967359050445104,0.04560052534561915,25.744807121661722
HISTORICAL_FINAL,HYBRID_NO_LTD_RENORM,90,178,0.0,0.033707865168539325,0.03757578325623894,38.5
HISTORICAL_FINAL,HYBRID_NO_LTD_RENORM,92,286,0.14335664335664336,0.2867132867132867,0.23119995009573016,18.465034965034967
HISTORICAL_FINAL,HYBRID_NO_LTD_RENORM,96,290,0.3620689655172414,0.9517241379310345,0.5856130268199233,2.4655172413793105
HISTORICAL_FINAL,HYBRID_NO_LTD_RENORM,97,282,0.35106382978723405,1.0,0.6749408983451536,1.6524822695035462
HISTORICAL_FINAL,HYBRID_NO_LTD_RENORM,98,289,0.29411764705882354,0.7231833910034602,0.4699549095753746,4.5432525951557095
HISTORICAL_FINAL,HYBRID_NO_XGB_RENORM,0,299,0.08361204013377926,0.5351170568561873,0.2992996405937199,6.5719063545150505
HISTORICAL_FINAL,HYBRID_NO_XGB_RENORM,10,329,0.05167173252279635,0.3100303951367781,0.19417407308445792,9.182370820668693
HISTORICAL_FINAL,HYBRID_NO_XGB_RENORM,102,282,0.031914893617021274,0.5567375886524822,0.24706941493835832,9.446808510638299
HISTORICAL_FINAL,HYBRID_NO_XGB_RENORM,104,264,0.03409090909090909,0.09090909090909091,0.09934243801456699,20.026515151515152
HISTORICAL_FINAL,HYBRID_NO_XGB_RENORM,105,276,0.36231884057971014,0.6594202898550725,0.5055202657824005,9.53623188405797
HISTORICAL_FINAL,HYBRID_NO_XGB_RENORM,106,253,0.25296442687747034,0.8102766798418972,0.45669376880891344,4.363636363636363
HISTORICAL_FINAL,HYBRID_NO_XGB_RENORM,107,236,0.07627118644067797,0.461864406779661,0.2493179212526448,15.711864406779661
HISTORICAL_FINAL,HYBRID_NO_XGB_RENORM,108,288,0.7777777777777778,0.9340277777777778,0.850194279100529,1.7083333333333333
HISTORICAL_FINAL,HYBRID_NO_XGB_RENORM,109,290,0.503448275862069,0.9172413793103448,0.6920693082376385,2.3517241379310345
HISTORICAL_FINAL,HYBRID_NO_XGB_RENORM,11,303,0.43564356435643564,0.9834983498349835,0.6678728587144429,2.056105610561056
HISTORICAL_FINAL,HYBRID_NO_XGB_RENORM,110,293,0.3378839590443686,0.9863481228668942,0.5671962186467305,2.491467576791809
HISTORICAL_FINAL,HYBRID_NO_XGB_RENORM,113,289,0.370242214532872,0.7577854671280276,0.5237219266337215,6.826989619377162
HISTORICAL_FINAL,HYBRID_NO_XGB_RENORM,117,289,0.35986159169550175,1.0,0.6747404844290658,1.671280276816609
HISTORICAL_FINAL,HYBRID_NO_XGB_RENORM,12,312,0.08974358974358974,0.3717948717948718,0.2358910169402006,13.669871794871796
HISTORICAL_FINAL,HYBRID_NO_XGB_RENORM,14,306,0.1111111111111111,0.16339869281045752,0.16354539704259563,25.797385620915033
HISTORICAL_FINAL,HYBRID_NO_XGB_RENORM,18,330,0.15454545454545454,0.6393939393939394,0.342360395061608,5.951515151515151
HISTORICAL_FINAL,HYBRID_NO_XGB_RENORM,2,287,0.09407665505226481,0.8989547038327527,0.45403349070596466,2.916376306620209
HISTORICAL_FINAL,HYBRID_NO_XGB_RENORM,21,308,0.2564935064935065,0.45454545454545453,0.37490517041659444,8.133116883116884
HISTORICAL_FINAL,HYBRID_NO_XGB_RENORM,24,263,0.07224334600760456,0.4372623574144487,0.25251685209168934,7.996197718631179
HISTORICAL_FINAL,HYBRID_NO_XGB_RENORM,25,312,0.041666666666666664,0.3076923076923077,0.16836766817495866,17.82051282051282
HISTORICAL_FINAL,HYBRID_NO_XGB_RENORM,27,310,0.0,0.016129032258064516,0.04637885865381208,28.061290322580646
HISTORICAL_FINAL,HYBRID_NO_XGB_RENORM,28,286,0.9790209790209791,1.0,0.9883449883449884,1.027972027972028
HISTORICAL_FINAL,HYBRID_NO_XGB_RENORM,29,320,0.028125,0.1375,0.09807313002232367,34.775
HISTORICAL_FINAL,HYBRID_NO_XGB_RENORM,31,289,0.33217993079584773,0.8512110726643599,0.5375618195656601,3.602076124567474
HISTORICAL_FINAL,HYBRID_NO_XGB_RENORM,34,251,0.2151394422310757,0.47808764940239046,0.3568918716319352,8.191235059760956
HISTORICAL_FINAL,HYBRID_NO_XGB_RENORM,35,297,0.21548821548821548,0.4444444444444444,0.3386003394746864,17.127946127946128
HISTORICAL_FINAL,HYBRID_NO_XGB_RENORM,36,305,0.003278688524590164,0.06229508196721312,0.09336235377792504,14.79344262295082
HISTORICAL_FINAL,HYBRID_NO_XGB_RENORM,37,316,0.05379746835443038,0.28164556962025317,0.1701378646582349,21.022151898734176
HISTORICAL_FINAL,HYBRID_NO_XGB_RENORM,39,284,0.15492957746478872,0.5669014084507042,0.34710027942942945,6.690140845070423
HISTORICAL_FINAL,HYBRID_NO_XGB_RENORM,40,219,0.091324200913242,0.3059360730593607,0.2207296452073118,11.534246575342467
HISTORICAL_FINAL,HYBRID_NO_XGB_RENORM,41,267,0.056179775280898875,0.5468164794007491,0.2835018666332066,6.01123595505618
HISTORICAL_FINAL,HYBRID_NO_XGB_RENORM,42,279,0.45161290322580644,0.9713261648745519,0.6883142743357796,1.906810035842294
HISTORICAL_FINAL,HYBRID_NO_XGB_RENORM,43,260,0.2653846153846154,0.8153846153846154,0.48434027325331674,3.4423076923076925
HISTORICAL_FINAL,HYBRID_NO_XGB_RENORM,45,273,0.06593406593406594,0.39194139194139194,0.23907408539230357,11.227106227106226
HISTORICAL_FINAL,HYBRID_NO_XGB_RENORM,46,284,0.45422535211267606,0.778169014084507,0.605316334053307,3.8450704225352115
HISTORICAL_FINAL,HYBRID_NO_XGB_RENORM,47,295,0.5084745762711864,0.6949152542372882,0.5937352816951954,10.732203389830508
HISTORICAL_FINAL,HYBRID_NO_XGB_RENORM,48,260,0.25384615384615383,0.9423076923076923,0.5499555038978116,2.5538461538461537
HISTORICAL_FINAL,HYBRID_NO_XGB_RENORM,50,290,0.017241379310344827,0.11379310344827587,0.11143684692826991,15.23448275862069
HISTORICAL_FINAL,HYBRID_NO_XGB_RENORM,51,299,0.0802675585284281,0.41471571906354515,0.24463980150647044,8.073578595317725
HISTORICAL_FINAL,HYBRID_NO_XGB_RENORM,52,291,0.10652920962199312,0.5567010309278351,0.3115853495701866,12.34364261168385
HISTORICAL_FINAL,HYBRID_NO_XGB_RENORM,53,298,0.785234899328859,0.889261744966443,0.8319343818468804,3.285234899328859
HISTORICAL_FINAL,HYBRID_NO_XGB_RENORM,54,288,0.4479166666666667,0.5902777777777778,0.5241933852509328,14.364583333333334
HISTORICAL_FINAL,HYBRID_NO_XGB_RENORM,55,281,0.7793594306049823,0.9608540925266904,0.8530202399419482,1.7580071174377223
HISTORICAL_FINAL,HYBRID_NO_XGB_RENORM,57,240,0.16666666666666666,0.5208333333333334,0.33885841486215873,10.541666666666666
HISTORICAL_FINAL,HYBRID_NO_XGB_RENORM,6,325,0.1076923076923077,0.3384615384615385,0.24876236010832406,10.076923076923077
HISTORICAL_FINAL,HYBRID_NO_XGB_RENORM,60,293,0.08873720136518772,0.3583617747440273,0.22569229619085213,19.890784982935152
HISTORICAL_FINAL,HYBRID_NO_XGB_RENORM,61,276,0.11231884057971014,0.43478260869565216,0.27426033385533316,6.456521739130435
HISTORICAL_FINAL,HYBRID_NO_XGB_RENORM,63,274,0.06934306569343066,0.583941605839416,0.2715732487452336,5.95985401459854
HISTORICAL_FINAL,HYBRID_NO_XGB_RENORM,68,289,0.30103806228373703,0.6678200692041523,0.4656986280848636,10.07266435986159
HISTORICAL_FINAL,HYBRID_NO_XGB_RENORM,7,338,0.008875739644970414,0.47633136094674555,0.20264498976378817,7.207100591715976
HISTORICAL_FINAL,HYBRID_NO_XGB_RENORM,71,289,0.4083044982698962,0.6401384083044983,0.5245255319183989,8.8719723183391
HISTORICAL_FINAL,HYBRID_NO_XGB_RENORM,72,297,0.36363636363636365,0.6026936026936027,0.4841433749338984,9.158249158249157
HISTORICAL_FINAL,HYBRID_NO_XGB_RENORM,76,269,0.4646840148698885,0.758364312267658,0.5958025039115822,4.862453531598513
HISTORICAL_FINAL,HYBRID_NO_XGB_RENORM,77,257,0.13229571984435798,0.5408560311284046,0.3241714019402451,7.879377431906615
HISTORICAL_FINAL,HYBRID_NO_XGB_RENORM,78,293,0.2832764505119454,0.5221843003412969,0.401874290715647,10.89419795221843
HISTORICAL_FINAL,HYBRID_NO_XGB_RENORM,80,287,0.4808362369337979,0.6898954703832753,0.575397269305204,11.059233449477352
HISTORICAL_FINAL,HYBRID_NO_XGB_RENORM,81,238,0.07983193277310924,0.5840336134453782,0.2881173527990352,6.823529411764706
HISTORICAL_FINAL,HYBRID_NO_XGB_RENORM,86,292,0.003424657534246575,1.0,0.3356164383561644,2.993150684931507
HISTORICAL_FINAL,HYBRID_NO_XGB_RENORM,89,273,0.608058608058608,0.8534798534798534,0.7176196274935771,3.0549450549450547
HISTORICAL_FINAL,HYBRID_NO_XGB_RENORM,9,337,0.0,0.0,0.0362010189049047,31.311572700296736
HISTORICAL_FINAL,HYBRID_NO_XGB_RENORM,90,178,0.0,0.033707865168539325,0.044414126226110844,30.359550561797754
HISTORICAL_FINAL,HYBRID_NO_XGB_RENORM,92,286,0.10139860139860139,0.26573426573426573,0.20138638631832712,16.45104895104895
HISTORICAL_FINAL,HYBRID_NO_XGB_RENORM,96,290,0.5275862068965518,0.9655172413793104,0.7056532442653132,2.179310344827586
HISTORICAL_FINAL,HYBRID_NO_XGB_RENORM,97,282,0.7304964539007093,1.0,0.8652482269503546,1.2695035460992907
HISTORICAL_FINAL,HYBRID_NO_XGB_RENORM,98,289,0.2422145328719723,0.4359861591695502,0.35322250425694796,13.501730103806228
HISTORICAL_FINAL,ACTUAL_HYBRID,0,299,0.31438127090301005,0.9331103678929766,0.5714520922758908,2.632107023411371
HISTORICAL_FINAL,ACTUAL_HYBRID,10,329,0.07598784194528875,0.49240121580547114,0.25792851857799115,6.358662613981763
HISTORICAL_FINAL,ACTUAL_HYBRID,102,282,0.05319148936170213,0.6560283687943262,0.28670229742949244,5.663120567375887
HISTORICAL_FINAL,ACTUAL_HYBRID,104,264,0.05303030303030303,0.5568181818181818,0.255125891451092,6.0643939393939394
HISTORICAL_FINAL,ACTUAL_HYBRID,105,276,0.36231884057971014,0.6594202898550725,0.5071253827276674,6.286231884057971
HISTORICAL_FINAL,ACTUAL_HYBRID,106,253,0.2134387351778656,0.8181818181818182,0.43678688461297155,3.6363636363636362
HISTORICAL_FINAL,ACTUAL_HYBRID,107,236,0.23728813559322035,0.8008474576271186,0.4845619834959219,4.211864406779661
HISTORICAL_FINAL,ACTUAL_HYBRID,108,288,0.96875,1.0,0.9820601851851851,1.0451388888888888
HISTORICAL_FINAL,ACTUAL_HYBRID,109,290,0.5655172413793104,0.9724137931034482,0.7495484400656814,1.7344827586206897
HISTORICAL_FINAL,ACTUAL_HYBRID,11,303,0.8481848184818482,0.9867986798679867,0.9124530568998929,1.3597359735973598
HISTORICAL_FINAL,ACTUAL_HYBRID,110,293,0.4709897610921502,1.0,0.6527303754266212,2.1774744027303754
HISTORICAL_FINAL,ACTUAL_HYBRID,113,289,0.3494809688581315,0.8615916955017301,0.5467101450587651,3.8027681660899653
HISTORICAL_FINAL,ACTUAL_HYBRID,117,289,0.30103806228373703,1.0,0.6447520184544405,1.7335640138408304
HISTORICAL_FINAL,ACTUAL_HYBRID,12,312,0.08333333333333333,0.42628205128205127,0.26785443369688455,7.996794871794871
HISTORICAL_FINAL,ACTUAL_HYBRID,14,306,0.09803921568627451,0.1568627450980392,0.1533892132701111,25.477124183006534
HISTORICAL_FINAL,ACTUAL_HYBRID,18,330,0.21212121212121213,0.8272727272727273,0.4458590846509507,3.624242424242424
HISTORICAL_FINAL,ACTUAL_HYBRID,2,287,0.5993031358885017,0.9790940766550522,0.7683549029367845,1.6724738675958188
HISTORICAL_FINAL,ACTUAL_HYBRID,21,308,0.2824675324675325,0.5032467532467533,0.4033013755964682,6.516233766233766
HISTORICAL_FINAL,ACTUAL_HYBRID,24,263,0.10266159695817491,0.6463878326996197,0.33331955438651684,5.5399239543726235
HISTORICAL_FINAL,ACTUAL_HYBRID,25,312,0.10256410256410256,0.5705128205128205,0.31819732228152264,6.7243589743589745
HISTORICAL_FINAL,ACTUAL_HYBRID,27,310,0.0,0.06129032258064516,0.09056781497685956,14.69032258064516
HISTORICAL_FINAL,ACTUAL_HYBRID,28,286,0.986013986013986,1.0,0.9924242424242423,1.0174825174825175
HISTORICAL_FINAL,ACTUAL_HYBRID,29,320,0.040625,0.25,0.15480497506906812,18.13125
HISTORICAL_FINAL,ACTUAL_HYBRID,31,289,0.33217993079584773,0.9411764705882353,0.5670583885549284,2.7301038062283736
HISTORICAL_FINAL,ACTUAL_HYBRID,34,251,0.41832669322709165,0.9681274900398407,0.6337846559606578,2.3386454183266934
HISTORICAL_FINAL,ACTUAL_HYBRID,35,297,0.14814814814814814,0.5151515151515151,0.32984910676744134,9.905723905723907
HISTORICAL_FINAL,ACTUAL_HYBRID,36,305,0.029508196721311476,0.40327868852459015,0.20879738992495872,8.186885245901639
HISTORICAL_FINAL,ACTUAL_HYBRID,37,316,0.060126582278481014,0.4620253164556962,0.25637271466930484,9.566455696202532
HISTORICAL_FINAL,ACTUAL_HYBRID,39,284,0.20422535211267606,0.6795774647887324,0.4214631930761526,4.911971830985915
HISTORICAL_FINAL,ACTUAL_HYBRID,40,219,0.0593607305936073,0.2922374429223744,0.19917502736323198,10.684931506849315
HISTORICAL_FINAL,ACTUAL_HYBRID,41,267,0.4232209737827715,0.9063670411985019,0.6366070016819081,2.662921348314607
HISTORICAL_FINAL,ACTUAL_HYBRID,42,279,0.6774193548387096,0.989247311827957,0.8133282786508592,1.5555555555555556
HISTORICAL_FINAL,ACTUAL_HYBRID,43,260,0.3730769230769231,0.9461538461538461,0.5944995282495282,2.453846153846154
HISTORICAL_FINAL,ACTUAL_HYBRID,45,273,0.05860805860805861,0.47985347985347987,0.26988951806720085,7.197802197802198
HISTORICAL_FINAL,ACTUAL_HYBRID,46,284,0.528169014084507,0.926056338028169,0.6948550276015064,2.1971830985915495
HISTORICAL_FINAL,ACTUAL_HYBRID,47,295,0.5796610169491525,0.8271186440677966,0.6895141284090686,4.057627118644068
HISTORICAL_FINAL,ACTUAL_HYBRID,48,260,0.31153846153846154,0.9807692307692307,0.5953891941391941,2.1807692307692306
HISTORICAL_FINAL,ACTUAL_HYBRID,50,290,0.010344827586206896,0.2482758620689655,0.15127094795419074,9.279310344827586
HISTORICAL_FINAL,ACTUAL_HYBRID,51,299,0.17725752508361203,0.8160535117056856,0.4270499902041315,3.8862876254180603
HISTORICAL_FINAL,ACTUAL_HYBRID,52,291,0.12027491408934708,0.6563573883161512,0.37125152525008187,6.6563573883161515
HISTORICAL_FINAL,ACTUAL_HYBRID,53,298,0.8389261744966443,0.9664429530201343,0.8987377369088778,1.4228187919463087
HISTORICAL_FINAL,ACTUAL_HYBRID,54,288,0.4166666666666667,0.5798611111111112,0.5046975356767519,10.979166666666666
HISTORICAL_FINAL,ACTUAL_HYBRID,55,281,0.9074733096085409,0.9822064056939501,0.9376109852978181,1.2704626334519573
HISTORICAL_FINAL,ACTUAL_HYBRID,57,240,0.17083333333333334,0.4791666666666667,0.32449245574857266,9.433333333333334
HISTORICAL_FINAL,ACTUAL_HYBRID,6,325,0.11076923076923077,0.3323076923076923,0.24584429853199743,11.612307692307692
HISTORICAL_FINAL,ACTUAL_HYBRID,60,293,0.09215017064846416,0.46075085324232085,0.26184117644983146,11.79863481228669
HISTORICAL_FINAL,ACTUAL_HYBRID,61,276,0.10507246376811594,0.5217391304347826,0.2946520550281992,5.721014492753623
HISTORICAL_FINAL,ACTUAL_HYBRID,63,274,0.06204379562043796,0.4854014598540146,0.24841723109700103,6.514598540145985
HISTORICAL_FINAL,ACTUAL_HYBRID,68,289,0.43252595155709345,0.7647058823529411,0.5944820857662378,4.737024221453288
HISTORICAL_FINAL,ACTUAL_HYBRID,7,338,0.0029585798816568047,0.6153846153846154,0.22312690313240938,6.21301775147929
HISTORICAL_FINAL,ACTUAL_HYBRID,71,289,0.42214532871972316,0.8858131487889274,0.6307296740749943,3.01038062283737
HISTORICAL_FINAL,ACTUAL_HYBRID,72,297,0.38047138047138046,0.6599326599326599,0.5230460237590362,4.673400673400673
HISTORICAL_FINAL,ACTUAL_HYBRID,76,269,0.550185873605948,0.9182156133828996,0.7021322756214403,2.550185873605948
HISTORICAL_FINAL,ACTUAL_HYBRID,77,257,0.13618677042801555,0.5447470817120622,0.3304707664379279,7.599221789883268
HISTORICAL_FINAL,ACTUAL_HYBRID,78,293,0.33447098976109213,0.6484641638225256,0.4855592617452157,5.075085324232082
HISTORICAL_FINAL,ACTUAL_HYBRID,80,287,0.6445993031358885,0.9372822299651568,0.7623429802872311,2.0801393728222997
HISTORICAL_FINAL,ACTUAL_HYBRID,81,238,0.08403361344537816,0.7142857142857143,0.34319096131070925,4.907563025210084
HISTORICAL_FINAL,ACTUAL_HYBRID,86,292,0.010273972602739725,1.0,0.34474885844748854,2.952054794520548
HISTORICAL_FINAL,ACTUAL_HYBRID,89,273,0.6043956043956044,0.8937728937728938,0.7300018222179395,2.7326007326007327
HISTORICAL_FINAL,ACTUAL_HYBRID,9,337,0.0,0.0,0.04810424758663763,24.326409495548962
HISTORICAL_FINAL,ACTUAL_HYBRID,90,178,0.0,0.0056179775280898875,0.04020286591944102,28.865168539325843
HISTORICAL_FINAL,ACTUAL_HYBRID,92,286,0.0979020979020979,0.25874125874125875,0.1970261353285421,15.195804195804195
HISTORICAL_FINAL,ACTUAL_HYBRID,96,290,0.5689655172413793,1.0,0.7558620689655172,1.6206896551724137
HISTORICAL_FINAL,ACTUAL_HYBRID,97,282,0.5354609929078015,1.0,0.7677304964539007,1.4645390070921986
HISTORICAL_FINAL,ACTUAL_HYBRID,98,289,0.34256055363321797,0.671280276816609,0.5010488193941319,4.705882352941177
