rank,feature,coverage,between_site_iqr,median_within_site_iqr,separation_to_drift,worst_adjacent_shift_median_norm,extreme_shift_p90_norm,min_quarter_rank_spearman,p_separation_to_drift,p_rank_persistence,p_coverage,p_adjacent_stability,p_long_horizon_stability,temporal_identity_score
1,ngrams_2_min_count,1.0,87.75,7.0,12.535714285712494,0.02849002849002849,0.3373219373219373,0.9666149416936813,0.905144694533762,0.9855305466237942,0.5032154340836013,0.6768488745980707,0.8569131832797428,0.7855305466237942
2,ngrams_2_top4_count,1.0,87.75,7.0,12.535714285712494,0.02849002849002849,0.3373219373219373,0.9666149416936813,0.905144694533762,0.9855305466237942,0.5032154340836013,0.6768488745980707,0.8569131832797428,0.7855305466237942
3,transition_m1_to_m1,1.0,91.0,7.5,12.133333333331715,0.027472527472527472,0.33736263736263744,0.9652364926243351,0.8585209003215434,0.9807073954983923,0.5032154340836013,0.684887459807074,0.8520900321543409,0.7758842443729904
4,max_burst_in,1.0,4.0,1.0,3.9999999999959996,0.0,0.25,0.9620640597399305,0.48231511254019294,0.977491961414791,0.5032154340836013,0.9244372990353698,0.8778135048231511,0.7530546623794212
5,ngrams_3_min_count,1.0,25.25,2.625,9.619047619043954,0.039603960396039604,0.20990099009900992,0.9819339072157914,0.7813504823151125,0.9935691318327974,0.5032154340836013,0.5659163987138264,0.8810289389067524,0.745016077170418
6,ngrams_4_min_count,1.0,11.75,1.25,9.39999999999248,0.0425531914893617,0.1702127659574468,0.9772755805978102,0.7781350482315113,0.9903536977491961,0.5032154340836013,0.5498392282958199,0.8842443729903537,0.7411575562700964
7,ratio_pkts_firstN_bursts_total,1.0,0.02714596520814485,0.0016869856934789255,16.09140213635876,0.024818086722455626,0.5788330714520328,0.9063811188811188,0.9935691318327974,0.8553054662379421,0.5032154340836013,0.7588424437299035,0.5787781350482315,0.7379421221864952
8,pps_w2_burst_count,1.0,3.0,1.0,2.9999999999969997,0.0,0.3333333333333333,0.9184539955559481,0.41961414790996787,0.9228295819935691,0.5032154340836013,0.9244372990353698,0.8617363344051447,0.7263665594855306
9,ngrams_4_sparsity,1.0,0.005992099571642817,0.00039411101166175744,15.204090672760488,0.028995489568534243,0.44671435297840256,0.8968094405594406,0.9903536977491961,0.617363344051447,0.5032154340836013,0.6720257234726688,0.8263665594855305,0.7218649517684887
10,cumul_interp_in_pct_increasing,1.0,1e-12,0.0,1.0,0.0,0.0,0.9997519841269841,0.21382636655948553,1.0,0.5032154340836013,0.9244372990353698,0.9437299035369775,0.7170418006430868
11,cumul_interp_out_pct_increasing,1.0,1e-12,0.0,1.0,0.0,0.0,0.9997519533634172,0.21382636655948553,0.9967845659163987,0.5032154340836013,0.9244372990353698,0.9437299035369775,0.7163987138263666
12,ngrams_3_sparsity,1.0,0.00299764447270634,0.0002046636444041905,14.646687577494715,0.03319484477827988,0.41625769168195004,0.8957604895104896,0.9807073954983923,0.5916398713826366,0.5032154340836013,0.6237942122186495,0.8456591639871383,0.7090032154340836
13,burst_histogram_1,1.0,1196.0,113.125,10.572375690607641,0.022993311036789296,0.6082775919732446,0.9131993006993007,0.7942122186495176,0.9131832797427653,0.5032154340836013,0.7684887459807074,0.5273311897106109,0.7012861736334406
14,cumul_interp_out_diffs_median,1.0,22.84595959595967,2.510101010101036,9.101609657943994,0.02918094395931688,0.5150878744335441,0.905772950777921,0.7508038585209004,0.8344051446945338,0.5032154340836013,0.6672025723472669,0.7347266881028939,0.6980707395498392
15,cumul_interp_out_diffs_p50,1.0,22.84595959595967,2.510101010101036,9.101609657943994,0.02918094395931688,0.5150878744335441,0.905772950777921,0.7508038585209004,0.8344051446945338,0.5032154340836013,0.6672025723472669,0.7347266881028939,0.6980707395498392
16,ngrams_4_max_count,1.0,900.75,96.5,9.334196891191613,0.030530113794060506,0.446405772966972,0.89928867235124,0.7733118971061094,0.6993569131832797,0.5032154340836013,0.6463022508038585,0.8311897106109325,0.6906752411575562
17,ngrams_4_top1_count,1.0,900.75,96.5,9.334196891191613,0.030530113794060506,0.446405772966972,0.89928867235124,0.7733118971061094,0.6993569131832797,0.5032154340836013,0.6463022508038585,0.8311897106109325,0.6906752411575562
18,cumul_interp_out_mean,1.0,1144.0436616161614,123.29236111111109,9.279112276754436,0.039332220690082915,0.5140638902913248,0.9068181818181819,0.7588424437299035,0.8617363344051447,0.5032154340836013,0.5787781350482315,0.7459807073954984,0.689710610932476
19,cumul_interp_out_auc,1.0,113262.36616161614,12203.42361111111,9.281195979994642,0.03936901487132224,0.5143946353038313,0.9068181818181819,0.7652733118971061,0.8617363344051447,0.5032154340836013,0.5755627009646302,0.7395498392282959,0.6890675241157556
20,cumul_out_mean,1.0,1144.0302495552298,123.2775831776394,9.280115817218013,0.03949420348500382,0.5143536910689478,0.9068181818181819,0.7620578778135049,0.8617363344051447,0.5032154340836013,0.5691318327974276,0.7427652733118971,0.687781350482315
21,burst_histogram_2,1.0,900.75,111.875,8.051396648044621,0.030530113794060506,0.4989175686927561,0.9043149510477669,0.7106109324758842,0.7909967845659164,0.5032154340836013,0.6463022508038585,0.7781350482315113,0.6858520900321542
22,cumul_interp_in_slope,1.0,11.915431134022493,0.9554275200247346,12.47130827223979,0.01843068322422581,0.6752944602590029,0.9021853146853147,0.8938906752411575,0.7604501607717041,0.5032154340836013,0.8231511254019293,0.4437299035369775,0.684887459807074
23,cumul_interp_out_diffs_p25,1.0,22.63005050505052,2.465277777777784,9.179513444298436,0.04195726161914849,0.5046922948167184,0.9059877622377622,0.7556270096463023,0.8392282958199357,0.5032154340836013,0.5562700964630225,0.7684887459807074,0.6845659163987138
24,cumul_interp_in_std,1.0,344.4682736617086,27.64296740409327,12.461334871403443,0.01836299221328389,0.6781753513288501,0.9021853146853147,0.8906752411575563,0.7604501607717041,0.5032154340836013,0.8263665594855305,0.4405144694533762,0.6842443729903536
25,cumul_interp_out_diffs_p75,1.0,23.40277777777787,2.2613636363637966,10.348967057504503,0.04154302670623186,0.528146749393029,0.9081730769230768,0.7909967845659164,0.8713826366559485,0.5032154340836013,0.5594855305466238,0.6913183279742765,0.6832797427652734
26,cumul_interp_in_diffs_median,1.0,11.755050505050278,1.0,11.755050505038522,0.017185821697091194,0.6951664876476997,0.9049778705481086,0.8536977491961415,0.8183279742765274,0.5032154340836013,0.8440514469453376,0.39067524115755625,0.6819935691318328
27,cumul_interp_in_diffs_p50,1.0,11.755050505050278,1.0,11.755050505038522,0.017185821697091194,0.6951664876476997,0.9049778705481086,0.8536977491961415,0.8183279742765274,0.5032154340836013,0.8440514469453376,0.39067524115755625,0.6819935691318328
28,ngrams_2_std_count,1.0,450.94936546639974,35.67095649538754,12.6419196391523,0.027584697053386825,0.6415745764145686,0.9048076923076923,0.909967845659164,0.8135048231511254,0.5032154340836013,0.6816720257234726,0.4855305466237942,0.6787781350482314
29,num_bursts_in,1.0,1074.75,95.375,11.268676277850473,0.02605257036520121,0.6732728541521289,0.9097226775060643,0.8102893890675241,0.8987138263665595,0.5032154340836013,0.7138263665594855,0.4662379421221865,0.6784565916398714
30,cumul_in_std,1.0,340.3598190995476,27.365225891314083,12.437676211822094,0.018629575310022503,0.6791165036771579,0.9021853146853147,0.8842443729903537,0.7604501607717041,0.5032154340836013,0.797427652733119,0.43729903536977494,0.6765273311897106
31,transition_m1_to_p1,1.0,1074.5,94.875,11.325428194993293,0.026058631921824105,0.6733364355514198,0.908856472105016,0.8263665594855305,0.8794212218649518,0.5032154340836013,0.7106109324758842,0.4630225080385852,0.6765273311897106
32,burst_count,1.0,2148.75,190.5,11.27952755905506,0.026061663757998836,0.6734613147178599,0.9097226775060643,0.815112540192926,0.8987138263665595,0.5032154340836013,0.7057877813504824,0.45819935691318325,0.6762057877813504
33,burst_durations_count,1.0,2148.75,190.5,11.27952755905506,0.026061663757998836,0.6734613147178599,0.9097226775060643,0.815112540192926,0.8987138263665595,0.5032154340836013,0.7057877813504824,0.45819935691318325,0.6762057877813504
34,total_out,1.0,2265.5,251.625,9.003477396919985,0.03818141690576032,0.5159126020745974,0.9045990450610488,0.7395498392282959,0.8022508038585209,0.5032154340836013,0.6012861736334405,0.7234726688102894,0.6739549839228296
35,cumul_out_last,1.0,2265.5,251.625,9.003477396919985,0.03818141690576032,0.5159126020745974,0.9045990450610488,0.7395498392282959,0.8022508038585209,0.5032154340836013,0.6012861736334405,0.7234726688102894,0.6739549839228296
36,cumul_out_max,1.0,2265.5,251.625,9.003477396919985,0.03818141690576032,0.5159126020745974,0.9045990450610488,0.7395498392282959,0.8022508038585209,0.5032154340836013,0.6012861736334405,0.7234726688102894,0.6739549839228296
37,cumul_interp_out_last,1.0,2265.5,251.625,9.003477396919985,0.03818141690576032,0.5159126020745974,0.9045990450610488,0.7395498392282959,0.8022508038585209,0.5032154340836013,0.6012861736334405,0.7234726688102894,0.6739549839228296
38,cumul_interp_out_max,1.0,2265.5,251.625,9.003477396919985,0.03818141690576032,0.5159126020745974,0.9045990450610488,0.7395498392282959,0.8022508038585209,0.5032154340836013,0.6012861736334405,0.7234726688102894,0.6739549839228296
39,transition_p1_to_m1,1.0,1074.25,95.375,11.263433813892412,0.02606469629974401,0.6735862229462422,0.9097226775060643,0.8070739549839229,0.8987138263665595,0.5032154340836013,0.6993569131832797,0.4533762057877814,0.672347266881029
40,ngrams_3_top2_count,1.0,938.0,110.625,8.479096045197664,0.04744136460554371,0.4439232409381664,0.9036353902000391,0.7138263665594855,0.77491961414791,0.5032154340836013,0.5209003215434084,0.8360128617363344,0.669774919614148
41,cumul_interp_out_slope,1.0,23.17261918616104,2.5788913664093673,8.98549643772536,0.03853564568877492,0.512902194450747,0.9041520979020979,0.7266881028938906,0.7813504823151125,0.5032154340836013,0.5852090032154341,0.752411575562701,0.6697749196141478
42,num_bursts_out,1.0,1074.0,94.875,11.32015810276668,0.0260707635009311,0.6736499068901309,0.908856472105016,0.819935691318328,0.8794212218649518,0.5032154340836013,0.6945337620578779,0.45016077170418006,0.6694533762057878
43,sizes_hist_1001_1500,1.0,52.75,8.125,6.492307692306893,0.06635071090047394,0.5042654028436022,0.9536174899836676,0.6495176848874598,0.9678456591639871,0.5032154340836013,0.4533762057877814,0.7717041800643086,0.6691318327974276
44,cumul_interp_out_std,1.0,668.9299276966755,74.447842232411,8.985215791861414,0.03928400592708776,0.5129466967517153,0.9041958041958043,0.7234726688102894,0.7861736334405145,0.5032154340836013,0.5819935691318328,0.7491961414790996,0.6688102893890676
45,ngrams_2_top2_count,1.0,1074.25,95.625,11.233986928104459,0.02606469629974401,0.6737723993483832,0.9094385803885574,0.8038585209003215,0.8906752411575563,0.5032154340836013,0.6993569131832797,0.44694533762057875,0.6688102893890674
46,cumul_interp_out_diffs_mean,1.0,22.883838383838388,2.541666666666667,9.003477396916479,0.03818141690576046,0.5159126020745977,0.9045990450610488,0.729903536977492,0.8022508038585209,0.5032154340836013,0.5916398713826366,0.7138263665594855,0.6681672025723472
47,cumul_interp_out_diffs_p90,1.0,24.464141414141537,2.30202020202022,10.627248793325762,0.03943103697433942,0.5517867833770107,0.9056381118881119,0.797427652733119,0.8295819935691319,0.5032154340836013,0.572347266881029,0.6366559485530546,0.6678456591639872
48,cumul_out_std,1.0,662.44659658141,73.74956582691665,8.982379613408185,0.04092392266378364,0.5127641377698701,0.9041958041958043,0.7202572347266881,0.7861736334405145,0.5032154340836013,0.5627009646302251,0.7556270096463023,0.6655948553054662
49,ngrams_4_std_count,1.0,323.52485876125877,34.832108756020716,9.288121515333989,0.030608226402653305,0.4732193276206737,0.8955419580419579,0.7684887459807074,0.5852090032154341,0.5032154340836013,0.639871382636656,0.8135048231511254,0.6620578778135048
50,cumul_interp_in_diffs_mean,1.0,12.282828282828286,0.9886363636363562,12.424010217101195,0.018503289473684154,0.6894736842105267,0.8991794054230545,0.864951768488746,0.6864951768488746,0.5032154340836013,0.819935691318328,0.43086816720257237,0.6610932475884244
51,total_in,1.0,1216.0,97.875,12.424010217113539,0.01850328947368421,0.6894736842105269,0.8991794054230545,0.8745980707395499,0.6864951768488746,0.5032154340836013,0.8102893890675241,0.4212218649517685,0.6591639871382636
52,cumul_in_last,1.0,1216.0,97.875,12.424010217113539,0.01850328947368421,0.6894736842105269,0.8991794054230545,0.8745980707395499,0.6864951768488746,0.5032154340836013,0.8102893890675241,0.4212218649517685,0.6591639871382636
53,cumul_in_max,1.0,1216.0,97.875,12.424010217113539,0.01850328947368421,0.6894736842105269,0.8991794054230545,0.8745980707395499,0.6864951768488746,0.5032154340836013,0.8102893890675241,0.4212218649517685,0.6591639871382636
54,cumul_interp_in_last,1.0,1216.0,97.875,12.424010217113539,0.01850328947368421,0.6894736842105269,0.8991794054230545,0.8745980707395499,0.6864951768488746,0.5032154340836013,0.8102893890675241,0.4212218649517685,0.6591639871382636
55,cumul_interp_in_max,1.0,1216.0,97.875,12.424010217113539,0.01850328947368421,0.6894736842105269,0.8991794054230545,0.8745980707395499,0.6864951768488746,0.5032154340836013,0.8102893890675241,0.4212218649517685,0.6591639871382636
56,ngrams_4_top2_count,1.0,885.0,112.5,7.866666666666597,0.0384180790960452,0.4492655367231638,0.8978561594440438,0.707395498392283,0.6559485530546624,0.5032154340836013,0.5884244372990354,0.8231511254019293,0.6556270096463022
57,cumul_out_slope_norm,1.0,0.00037797800168210005,2.6334975260874997e-05,14.352699540635223,0.030107025908801516,0.5870962627188779,0.8936188811188811,0.977491961414791,0.5594855305466238,0.5032154340836013,0.6591639871382636,0.572347266881029,0.6543408360128617
58,cumul_interp_in_diffs_p75,1.0,12.20202020202031,1.0,12.202020202008107,0.0223509933774865,0.7240894039734909,0.9018502126151927,0.8617363344051447,0.7491961414790996,0.5032154340836013,0.7845659163987139,0.36977491961414793,0.6536977491961415
59,ngrams_2_mean_count,1.0,868.5,63.59375,13.657002457002243,0.023891767415083476,0.7619458837075422,0.9020104895104895,0.9356913183279743,0.752411575562701,0.5032154340836013,0.7652733118971061,0.3086816720257235,0.6530546623794212
60,concentration_25pct,1.0,0.020846946474392797,0.002152441044491561,9.6852578229997,0.03437696844536425,0.6554429445614383,0.9088286713286714,0.7845659163987139,0.8745980707395499,0.5032154340836013,0.617363344051447,0.4790996784565916,0.6517684887459808
61,pps_w1_total_packets,1.0,3478.5,254.375,13.674692874692822,0.024867040390973122,0.7579128934885732,0.9002622377622378,0.9565916398713826,0.7218649517684887,0.5032154340836013,0.7379421221864951,0.3360128617363344,0.6511254019292604
62,pps_w2_total_packets,1.0,3478.5,254.375,13.674692874692822,0.024867040390973122,0.7579128934885732,0.9002622377622378,0.9565916398713826,0.7218649517684887,0.5032154340836013,0.7379421221864951,0.3360128617363344,0.6511254019292604
63,pps_w5_total_packets,1.0,3478.5,254.375,13.674692874692822,0.024867040390973122,0.7579128934885732,0.9002622377622378,0.9565916398713826,0.7218649517684887,0.5032154340836013,0.7379421221864951,0.3360128617363344,0.6511254019292604
64,pps_w10_total_packets,1.0,3478.5,254.375,13.674692874692822,0.024867040390973122,0.7579128934885732,0.9002622377622378,0.9565916398713826,0.7218649517684887,0.5032154340836013,0.7379421221864951,0.3360128617363344,0.6511254019292604
65,cumul_in_len,1.0,3478.5,254.375,13.674692874692822,0.024867040390973122,0.7579128934885732,0.9002622377622378,0.9565916398713826,0.7218649517684887,0.5032154340836013,0.7379421221864951,0.3360128617363344,0.6511254019292604
66,cumul_out_len,1.0,3478.5,254.375,13.674692874692822,0.024867040390973122,0.7579128934885732,0.9002622377622378,0.9565916398713826,0.7218649517684887,0.5032154340836013,0.7379421221864951,0.3360128617363344,0.6511254019292604
67,ngrams_2_total_occurrences,1.0,3478.5,254.375,13.674692874692822,0.024867040390973122,0.7579128934885732,0.9002622377622378,0.9565916398713826,0.7218649517684887,0.5032154340836013,0.7379421221864951,0.3360128617363344,0.6511254019292604
68,ngrams_2_possible_windows,1.0,3478.5,254.375,13.674692874692822,0.024867040390973122,0.7579128934885732,0.9002622377622378,0.9565916398713826,0.7218649517684887,0.5032154340836013,0.7379421221864951,0.3360128617363344,0.6511254019292604
69,ngrams_3_total_occurrences,1.0,3478.5,254.375,13.674692874692822,0.024867040390973122,0.7579128934885732,0.9002622377622378,0.9565916398713826,0.7218649517684887,0.5032154340836013,0.7379421221864951,0.3360128617363344,0.6511254019292604
70,ngrams_3_possible_windows,1.0,3478.5,254.375,13.674692874692822,0.024867040390973122,0.7579128934885732,0.9002622377622378,0.9565916398713826,0.7218649517684887,0.5032154340836013,0.7379421221864951,0.3360128617363344,0.6511254019292604
71,ngrams_4_total_occurrences,1.0,3478.5,254.375,13.674692874692822,0.024867040390973122,0.7579128934885732,0.9002622377622378,0.9565916398713826,0.7218649517684887,0.5032154340836013,0.7379421221864951,0.3360128617363344,0.6511254019292604
72,ngrams_4_possible_windows,1.0,3478.5,254.375,13.674692874692822,0.024867040390973122,0.7579128934885732,0.9002622377622378,0.9565916398713826,0.7218649517684887,0.5032154340836013,0.7379421221864951,0.3360128617363344,0.6511254019292604
73,bytes_first25pct,1.0,0.013088550219771527,0.0010471478984543613,12.499237430158237,0.030251021537086798,0.7276654378116124,0.9051573426573426,0.8971061093247589,0.8263665594855305,0.5032154340836013,0.6559485530546624,0.3633440514469453,0.6491961414790998
74,ngrams_3_top3_count,1.0,937.5,105.375,8.896797153024828,0.042666666666666665,0.45066666666666666,0.8979315319001476,0.7170418006430869,0.6591639871382636,0.5032154340836013,0.5466237942122186,0.819935691318328,0.6491961414790997
75,cumul_interp_in_mean,1.0,592.253611111111,51.421174242424286,11.51769907701698,0.01772693013072856,0.6893929509023553,0.8972465034965034,0.8360128617363344,0.6334405144694534,0.5032154340836013,0.8360128617363344,0.4340836012861736,0.6485530546623794
76,ngrams_3_top5_count,1.0,84.25,12.125,6.94845360824685,0.04747774480712166,0.5910979228486651,0.9548315883805818,0.684887459807074,0.9710610932475884,0.5032154340836013,0.5176848874598071,0.5627009646302251,0.6479099678456592
77,ngrams_3_max_count,1.0,1029.0,89.375,11.513286713286584,0.021865889212827987,0.6307094266277944,0.8961417848195012,0.8311897106109325,0.6061093247588425,0.5032154340836013,0.7893890675241158,0.5064308681672026,0.647266881028939
78,ngrams_3_top1_count,1.0,1029.0,89.375,11.513286713286584,0.021865889212827987,0.6307094266277944,0.8961417848195012,0.8311897106109325,0.6061093247588425,0.5032154340836013,0.7893890675241158,0.5064308681672026,0.647266881028939
79,ngrams_2_max_count,1.0,1219.25,104.75,11.63961813842471,0.031166700840680746,0.691818741029322,0.9060195151274587,0.8472668810289389,0.8440514469453376,0.5032154340836013,0.6318327974276527,0.40353697749196143,0.6459807073954984
80,ngrams_2_top1_count,1.0,1219.25,104.75,11.63961813842471,0.031166700840680746,0.691818741029322,0.9060195151274587,0.8472668810289389,0.8440514469453376,0.5032154340836013,0.6318327974276527,0.40353697749196143,0.6459807073954984
81,cumul_in_mean,1.0,591.9792058043076,51.31091343557978,11.537101294201646,0.017720257767380718,0.6898951472136882,0.8972465034965034,0.842443729903537,0.6334405144694534,0.5032154340836013,0.8392282958199357,0.40836012861736337,0.6453376205787782
82,cumul_interp_in_auc,1.0,58608.84217171717,5086.742424242417,11.521881252016795,0.017811029866882287,0.6898165015134259,0.8972465034965034,0.8392282958199357,0.6334405144694534,0.5032154340836013,0.8327974276527331,0.4115755627009646,0.6440514469453376
83,cumul_interp_in_diffs_p25,1.0,11.803030303030141,0.9128787878788813,12.9294605808972,0.0241762943945197,0.7106546854942375,0.8981081773865692,0.9131832797427653,0.662379421221865,0.5032154340836013,0.7620578778135049,0.3762057877813505,0.6434083601286174
84,ngrams_3_mean_count,1.0,434.25,31.796875,13.657002457002028,0.026338514680483593,0.7606505469199776,0.9021853146853147,0.932475884244373,0.7604501607717041,0.5032154340836013,0.6913183279742765,0.31511254019292606,0.6405144694533762
85,ngrams_4_mean_count,1.0,217.03125,16.0546875,13.518248175181641,0.027357811375089993,0.7609791216702668,0.9022727272727272,0.9260450160771704,0.7684887459807074,0.5032154340836013,0.6881028938906752,0.31189710610932475,0.6395498392282958
86,tam_5s_in_max,1.0,772.0,109.625,7.042189281641897,0.054404145077720206,0.5467616580310886,0.9061465338420726,0.6913183279742765,0.8488745980707395,0.5032154340836013,0.4855305466237942,0.6527331189710611,0.6363344051446944
87,cumul_interp_in_diffs_std,1.0,0.8476885813258968,0.11389315948285228,7.442840159738317,0.04459805269765518,0.6686417257872191,0.9421765734265733,0.7009646302250804,0.9598070739549839,0.5032154340836013,0.5434083601286174,0.47266881028938906,0.6360128617363344
88,ngrams_3_std_count,1.0,427.2517397448689,43.44145481247165,9.83511582632815,0.030330532038346528,0.5645361698998163,0.8968531468531468,0.7877813504823151,0.6205787781350482,0.5032154340836013,0.6527331189710611,0.6141479099678456,0.6356913183279742
89,cumul_interp_out_diffs_std,1.0,0.8476885813259019,0.11389315948286272,7.442840159737679,0.04459805269770259,0.6686417257872309,0.9421765734265733,0.6977491961414791,0.9598070739549839,0.5032154340836013,0.5401929260450161,0.4694533762057878,0.6340836012861736
90,times_duration,1.0,5.0571064949035645,1.2225630283355713,4.136479165237233,0.09719711082557848,0.2918463081634565,0.9374125874125874,0.4967845659163987,0.9501607717041801,0.5032154340836013,0.342443729903537,0.8697749196141479,0.632475884244373
91,times_max,1.0,5.0571064949035645,1.2225630283355713,4.136479165237233,0.09719711082557848,0.2918463081634565,0.9374125874125874,0.4967845659163987,0.9501607717041801,0.5032154340836013,0.342443729903537,0.8697749196141479,0.632475884244373
92,duration,1.0,5.0571064949035645,1.2225630283355713,4.136479165237233,0.09719711082557848,0.2918463081634565,0.9374125874125874,0.4967845659163987,0.9501607717041801,0.5032154340836013,0.342443729903537,0.8697749196141479,0.632475884244373
93,DoA,1.0,5.0571064949035645,1.2225630283355713,4.136479165237233,0.09719711082557848,0.2918463081634565,0.9374125874125874,0.4967845659163987,0.9501607717041801,0.5032154340836013,0.342443729903537,0.8697749196141479,0.632475884244373
94,cumul_out_auc,1.0,7889174.875,717291.25,10.998565610552198,0.022896881215350166,1.1556302458056498,0.909222027972028,0.8006430868167203,0.8842443729903537,0.5032154340836013,0.7813504823151125,0.18971061093247588,0.6318327974276527
95,ngrams_2_top3_count,1.0,1016.75,149.25,6.812395309882701,0.045733956233095646,0.4964838947627244,0.8981282166691095,0.6752411575562701,0.6655948553054662,0.5032154340836013,0.5337620578778135,0.7813504823151125,0.6318327974276527
96,sizes_hist_gt1500,1.0,2234.25,164.125,13.61309977151553,0.029763902875685352,0.6937003468725527,0.8974213286713286,0.9292604501607717,0.6430868167202572,0.5032154340836013,0.662379421221865,0.3987138263665595,0.627331189710611
97,pps_w1_burst_count,1.0,4.25,1.0,4.24999999999575,0.11764705882352941,0.35294117647058826,0.9609412050432931,0.5112540192926045,0.9742765273311897,0.5032154340836013,0.2909967845659164,0.8488745980707395,0.6257234726688102
98,spectral_energy_high,1.0,0.0004426857227034999,3.344832223157508e-05,13.234915234423662,0.03338746695350137,0.6105162939293161,0.8906468531468532,0.9163987138263665,0.5498392282958199,0.5032154340836013,0.6205787781350482,0.5241157556270096,0.6228295819935692
99,ngrams_4_top3_count,1.0,833.25,108.25,7.697459584295541,0.04200420042004201,0.49900990099009906,0.8944142135973251,0.7041800643086816,0.5755627009646302,0.5032154340836013,0.5530546623794212,0.77491961414791,0.6221864951768488
100,tam_2s_in_mean,1.0,122.82837301587303,17.694196428571445,6.941732195169416,0.04460831428548367,0.47691400602531275,0.8950611888111888,0.6784565916398714,0.5787781350482315,0.5032154340836013,0.5369774919614148,0.8070739549839229,0.6209003215434084
101,ngrams_2_sparsity,1.0,0.0014976895101352916,0.00010216727821654725,14.659189533283786,0.0331909012255862,0.6946650033568201,0.8959790209790209,0.9839228295819936,0.594855305466238,0.5032154340836013,0.6270096463022508,0.3954983922829582,0.6209003215434082
102,sizes_hist_501_1000,1.0,59.5,12.625,4.71287128712834,0.06722689075630252,0.5579831932773112,0.9489236158120088,0.5498392282958199,0.9646302250803859,0.5032154340836013,0.44694533762057875,0.6302250803858521,0.6189710610932476
103,sizes_sum,1.0,3699817.5,220418.75,16.785402784472737,0.01855550983257958,0.7817840744847551,0.8844405594405594,0.9967845659163987,0.4983922829581994,0.5032154340836013,0.8006430868167203,0.29260450160771706,0.6183279742765272
104,pps_w5_std,1.0,159.48159090086705,29.74589864374593,5.36146487994548,0.06376638238401278,0.4909617954071394,0.9011363636363636,0.5819935691318328,0.7459807073954984,0.5032154340836013,0.4662379421221865,0.7877813504823151,0.6170418006430868
105,spectral_energy_mid,1.0,0.0008841801683447501,6.641513905521266e-05,13.312930871028922,0.035265459339212574,0.632949171430467,0.8905157342657344,0.9228295819935691,0.545016077170418,0.5032154340836013,0.6109324758842444,0.4983922829581994,0.6160771704180064
106,pps_w5_burst_count,1.0,1.0,0.0,1000000000000.0,0.0,1.0,0.8611581343410507,1.0,0.43086816720257237,0.5032154340836013,0.9244372990353698,0.2202572347266881,0.6157556270096463
107,cumul_in_slope_norm,1.0,0.0003697292159469249,2.491187966387502e-05,14.841481497744695,0.030791974039277085,0.7006363969118051,0.8938811188811189,0.9871382636655949,0.5659163987138264,0.5032154340836013,0.6366559485530546,0.38263665594855306,0.615112540192926
108,spectral_energy_low,1.0,0.001327197631649235,9.986346128698642e-05,13.29012234559974,0.0346302416584692,0.6409623166311379,0.8905157342657344,0.9196141479099679,0.545016077170418,0.5032154340836013,0.6141479099678456,0.4887459807073955,0.6141479099678456
109,sizes_hist_1_500,1.0,1133.75,100.125,11.323345817727727,0.021609702315325247,0.768599779492834,0.8973776223776223,0.8231511254019293,0.639871382636656,0.5032154340836013,0.7942122186495176,0.3022508038585209,0.612540192926045
110,ratio_out_bursts_total,1.0,0.00037420013070343927,6.925404476509911e-05,5.4032963210940546,0.022966345513507555,0.48494906523765474,0.8208581627645722,0.5916398713826366,0.3858520900321543,0.5032154340836013,0.77491961414791,0.8038585209003215,0.6118971061093248
111,ratio_in_bursts_total,1.0,0.00037420013070332825,6.925404476521013e-05,5.403296321083789,0.022966345513366022,0.4849490652379173,0.8208581627645722,0.5884244372990354,0.3858520900321543,0.5032154340836013,0.7781350482315113,0.8006430868167203,0.6112540192926044
112,ratio_out_in_bursts,1.0,0.001497923421252212,0.000277054562582979,5.406600786070711,0.022966965864155427,0.4850430513165473,0.8208581627645722,0.594855305466238,0.3858520900321543,0.5032154340836013,0.7717041800643086,0.797427652733119,0.6106109324758842
113,cumul_interp_in_diffs_p90,1.0,12.725757575757417,1.016414141414188,12.520248447191918,0.02555859824582265,0.7631067190538728,0.8964477322184202,0.9003215434083601,0.6141479099678456,0.5032154340836013,0.7170418006430869,0.3054662379421222,0.6080385852090032
114,tam_4s_out_max,1.0,1133.5,230.5,4.91757049891538,0.06616674018526687,0.4211733568592854,0.8983391608391608,0.5659163987138264,0.6688102893890675,0.5032154340836013,0.4565916398713826,0.842443729903537,0.607395498392283
115,cumul_in_auc,1.0,4188206.125,336580.3125,12.443407916201279,0.018344548407344684,1.0920721338661439,0.896284965034965,0.887459807073955,0.6109324758842444,0.5032154340836013,0.8295819935691319,0.20257234726688103,0.6067524115755628
116,pps_w5_mean,1.0,152.975,23.056250000000006,6.6348603957709225,0.04955058016015641,0.5282562510214089,0.8985576923076924,0.6591639871382636,0.6752411575562701,0.5032154340836013,0.5080385852090032,0.6881028938906752,0.6067524115755626
117,transition_p1_to_p1,1.0,1152.5,201.5,5.719602977667465,0.0472885032537961,0.4926681127982648,0.8955954501785743,0.617363344051447,0.5884244372990354,0.5032154340836013,0.5241157556270096,0.7845659163987139,0.6035369774919614
118,tam_4s_in_max,1.0,643.75,96.625,6.662354463130591,0.0458252427184466,0.6403106796116509,0.9039533206582311,0.6655948553054662,0.7781350482315113,0.5032154340836013,0.5305466237942122,0.4919614147909968,0.5938906752411576
119,sizes_median,1.0,1e-12,0.0,1.0,0.0,0.0,0.8094921155027646,0.21382636655948553,0.36816720257234725,0.5032154340836013,0.9244372990353698,0.9437299035369775,0.5906752411575562
120,sizes_p50,1.0,1e-12,0.0,1.0,0.0,0.0,0.8094921155027646,0.21382636655948553,0.36816720257234725,0.5032154340836013,0.9244372990353698,0.9437299035369775,0.5906752411575562
121,tam_3s_in_mean,1.0,175.74166666666667,24.145833333333343,7.278343399482009,0.04836644696287164,0.5306734045507813,0.8890297202797203,0.6945337620578779,0.5337620578778135,0.5032154340836013,0.5144694533762058,0.6752411575562701,0.5842443729903538
122,burst_histogram_3_5,1.0,80.25,18.625,4.308724832214534,0.08099688473520249,0.5919003115264801,0.9241604651460464,0.5176848874598071,0.932475884244373,0.5032154340836013,0.40836012861736337,0.5594855305466238,0.5842443729903536
123,pps_w5_max,1.0,403.54999999999995,65.95000000000005,6.119029567854338,0.05426836823194147,0.5664725560649239,0.8984265734265735,0.639871382636656,0.6720257234726688,0.5032154340836013,0.4919614147909968,0.6045016077170418,0.5823151125401929
124,tam_4s_in_mean,1.0,232.0625,36.28125,6.396210163651848,0.04847831941826017,0.5378292485860492,0.8951583824658328,0.6430868167202572,0.5819935691318328,0.5032154340836013,0.5112540192926045,0.6655948553054662,0.5810289389067524
125,tam_1s_in_mean,1.0,61.97710561497327,9.364962121212123,6.6179771805574426,0.05670296602938958,0.5262165481687634,0.8902195173118542,0.6559485530546624,0.5401929260450161,0.5032154340836013,0.48231511254019294,0.7009646302250804,0.5765273311897106
126,tam_5s_out_max,1.0,1295.0,237.75,5.446898002103026,0.0667953667953668,0.5295752895752898,0.8977785548576219,0.5980707395498392,0.6527331189710611,0.5032154340836013,0.45016077170418006,0.6784565916398714,0.5765273311897106
127,pps_w2_mean,1.0,166.25992063492066,28.85416666666667,5.762076671823765,0.05201981025120826,0.5231515006861985,0.8846590909090909,0.6237942122186495,0.5064308681672026,0.5032154340836013,0.4983922829581994,0.7041800643086816,0.5672025723472668
128,tam_5s_out_std,1.0,493.2501157491031,103.13779372457873,4.782438114453791,0.06069339003221438,0.5465150764302326,0.8976835664335664,0.5562700964630225,0.6463022508038585,0.5032154340836013,0.47266881028938906,0.6559485530546624,0.5668810289389068
129,sizes_p75,1.0,1e-12,0.0,1.0,0.0,0.0,0.682344189122169,0.21382636655948553,0.24758842443729903,0.5032154340836013,0.9244372990353698,0.9437299035369775,0.5665594855305466
130,burst_histogram_6_10,1.0,8.5,2.625,3.2380952380940045,0.11764705882352941,0.5411764705882355,0.9293228271939246,0.4340836012861736,0.9389067524115756,0.5032154340836013,0.2909967845659164,0.662379421221865,0.5659163987138264
131,pps_w10_mean,1.0,140.3,21.42500000000001,6.548424737455934,0.058980755523877444,0.5972202423378468,0.8977709790209789,0.6527331189710611,0.6495176848874598,0.5032154340836013,0.4790996784565916,0.5434083601286174,0.5655948553054662
132,tam_5s_in_std,1.0,284.9712254476841,49.73620044775123,5.729654112743207,0.06864787895401889,0.527028336399342,0.8937937062937064,0.6205787781350482,0.5627009646302251,0.5032154340836013,0.4437299035369775,0.6977491961414791,0.5655948553054662
133,pps_w1_mean,1.0,170.83003301845213,29.889346884999043,5.715415384475434,0.05100323988768703,0.5206752067410488,0.8846153846153846,0.6141479099678456,0.5016077170418006,0.5032154340836013,0.5016077170418006,0.707395498392283,0.5655948553054662
134,burst_durations_sum,1.0,2.1012906432151794,0.8429929614067078,2.4926550272807138,0.1268756591309415,0.47631913342011556,0.9063374125874125,0.38263665594855306,0.8520900321543409,0.5032154340836013,0.26366559485530544,0.8102893890675241,0.562379421221865
135,ngrams_4_unique,1.0,1e-12,0.0,1.0,0.0,0.0,0.6468186120852513,0.21382636655948553,0.22508038585209003,0.5032154340836013,0.9244372990353698,0.9437299035369775,0.5620578778135048
136,pps_w10_max,1.0,235.62500000000006,35.32499999999999,6.670205237084033,0.05432360742705574,0.6190344827586208,0.8968968531468531,0.6688102893890675,0.6237942122186495,0.5032154340836013,0.4887459807073955,0.5176848874598071,0.5604501607717042
137,tam_2s_in_max,1.0,453.75,74.5,6.090604026845556,0.07713498622589532,0.5112947658402205,0.8799265726767922,0.6366559485530546,0.48231511254019294,0.5032154340836013,0.41479099678456594,0.7620578778135049,0.559807073954984
138,burst_durations_prop_gt_2s,1.0,1e-12,0.0,1.0,0.0,0.0,0.5724138812347205,0.21382636655948553,0.21221864951768488,0.5032154340836013,0.9244372990353698,0.9437299035369775,0.5594855305466238
139,tam_5s_out_mean,1.0,437.9375,88.68154761904748,4.938315937846045,0.047286047286047114,0.5887902573616861,0.8971590909090909,0.5691318327974276,0.6270096463022508,0.5032154340836013,0.5273311897106109,0.5659163987138264,0.5585209003215434
140,tam_3s_in_max,1.0,571.0,88.875,6.424753867791771,0.0595446584938704,0.5492119089316989,0.8861547875833582,0.6463022508038585,0.5176848874598071,0.5032154340836013,0.4758842443729904,0.6463022508038585,0.5578778135048232
141,ngrams_3_top4_count,1.0,295.5,67.625,4.369685767097902,0.07445008460236886,0.7086294416243657,0.9353848185220297,0.5209003215434084,0.9421221864951769,0.5032154340836013,0.43729903536977494,0.37942122186495175,0.5565916398713826
142,tam_4s_in_std,1.0,251.47024936174415,37.803010529446624,6.652122300308727,0.053420006595391346,0.5650940802282258,0.8842220279720279,0.662379421221865,0.49517684887459806,0.5032154340836013,0.49517684887459806,0.6109324758842444,0.5533762057877814
143,tam_3s_in_std,1.0,198.37232935909566,33.28027419904083,5.960657901214256,0.06084648386843991,0.5514332460920476,0.8867132867132866,0.6302250803858521,0.5241157556270096,0.5032154340836013,0.4694533762057878,0.639871382636656,0.5533762057877814
144,pps_w2_max,1.0,610.75,110.875,5.508455467869172,0.09005321326238232,0.4874334834220221,0.8796643320491473,0.6077170418006431,0.4790996784565916,0.5032154340836013,0.36977491961414793,0.7942122186495176,0.5508038585209004
145,tam_5s_in_mean,1.0,274.66666666666674,40.9375,6.709414758269558,0.05097087378640775,0.6039320388349514,0.8872693102508491,0.6720257234726688,0.5305466237942122,0.5032154340836013,0.5048231511254019,0.5369774919614148,0.5495176848874598
146,tam_3s_out_mean,1.0,278.74077380952383,56.29613095238099,4.95133091908743,0.07333148972472894,0.5273597567290826,0.8859702797202796,0.572347266881029,0.5144694533762058,0.5032154340836013,0.4405144694533762,0.6945337620578779,0.545016077170418
147,tam_4s_out_std,1.0,407.4652371814214,90.70555877672365,4.492174930363566,0.0819660924757149,0.5352936648295961,0.8939685314685314,0.5337620578778135,0.5691318327974276,0.5032154340836013,0.40514469453376206,0.6688102893890675,0.5360128617363344
148,sizes_max,1.0,1e-12,0.0,1.0,0.0,0.0,-0.036056666586432265,0.21382636655948553,0.0932475884244373,0.5032154340836013,0.9244372990353698,0.9437299035369775,0.5356913183279742
149,tam_2s_in_std,1.0,148.32083900075446,26.7868495499703,5.537076643673962,0.0804883714407386,0.5283445894837598,0.8760489510489511,0.6109324758842444,0.4662379421221865,0.5032154340836013,0.4115755627009646,0.684887459807074,0.5353697749196142
150,tam_2s_out_mean,1.0,182.6119505494506,40.750992063492106,4.4811657656070665,0.06488735437934884,0.5528026852549289,0.8895541958041958,0.5305466237942122,0.5369774919614148,0.5032154340836013,0.4630225080385852,0.6334405144694534,0.5334405144694534
151,mean_time_between_bursts,1.0,0.005910569821734149,0.0008472931588505623,6.975826197837594,0.07599278660977171,0.6299502917702058,0.887062937062937,0.6881028938906752,0.5273311897106109,0.5032154340836013,0.42443729903536975,0.5112540192926045,0.5308681672025722
152,iat_var,1.0,0.0048800497820551255,0.0009984793221507124,4.887482062879455,0.12009061535487014,0.7106631240566749,0.9122814685314685,0.5627009646302251,0.909967845659164,0.5032154340836013,0.2829581993569132,0.3729903536977492,0.5263665594855306
153,burst_durations_longest_ratio,1.0,0.11874200499987553,0.0705072489147518,1.6841105960857843,0.1623938865134378,0.5183377815030009,0.9073426573426574,0.3215434083601286,0.8681672025723473,0.5032154340836013,0.2282958199356913,0.7106109324758842,0.5263665594855306
154,sizes_min,1.0,1e-12,0.0,1.0,0.0,0.0,-1.0,0.21382636655948553,0.04662379421221865,0.5032154340836013,0.9244372990353698,0.9437299035369775,0.5263665594855306
155,sizes_p25,1.0,1e-12,0.0,1.0,0.0,0.0,-1.0,0.21382636655948553,0.04662379421221865,0.5032154340836013,0.9244372990353698,0.9437299035369775,0.5263665594855306
156,burst_size_p25,1.0,1e-12,0.0,1.0,0.0,0.0,-1.0,0.21382636655948553,0.04662379421221865,0.5032154340836013,0.9244372990353698,0.9437299035369775,0.5263665594855306
157,burst_size_p50,1.0,1e-12,0.0,1.0,0.0,0.0,-1.0,0.21382636655948553,0.04662379421221865,0.5032154340836013,0.9244372990353698,0.9437299035369775,0.5263665594855306
158,burst_size_p75,1.0,1e-12,0.0,1.0,0.0,0.0,-1.0,0.21382636655948553,0.04662379421221865,0.5032154340836013,0.9244372990353698,0.9437299035369775,0.5263665594855306
159,burst_size_p90,1.0,1e-12,0.0,1.0,0.0,0.0,-1.0,0.21382636655948553,0.04662379421221865,0.5032154340836013,0.9244372990353698,0.9437299035369775,0.5263665594855306
160,burst_durations_median,1.0,1e-12,0.0,1.0,0.0,0.0,-1.0,0.21382636655948553,0.04662379421221865,0.5032154340836013,0.9244372990353698,0.9437299035369775,0.5263665594855306
161,burst_durations_min,1.0,1e-12,0.0,1.0,0.0,0.0,-1.0,0.21382636655948553,0.04662379421221865,0.5032154340836013,0.9244372990353698,0.9437299035369775,0.5263665594855306
162,burst_durations_p25,1.0,1e-12,0.0,1.0,0.0,0.0,-1.0,0.21382636655948553,0.04662379421221865,0.5032154340836013,0.9244372990353698,0.9437299035369775,0.5263665594855306
163,burst_durations_p50,1.0,1e-12,0.0,1.0,0.0,0.0,-1.0,0.21382636655948553,0.04662379421221865,0.5032154340836013,0.9244372990353698,0.9437299035369775,0.5263665594855306
164,burst_durations_prop_gt_5s,1.0,1e-12,0.0,1.0,0.0,0.0,-1.0,0.21382636655948553,0.04662379421221865,0.5032154340836013,0.9244372990353698,0.9437299035369775,0.5263665594855306
165,pps_w1_min,1.0,1e-12,0.0,1.0,0.0,0.0,-1.0,0.21382636655948553,0.04662379421221865,0.5032154340836013,0.9244372990353698,0.9437299035369775,0.5263665594855306
166,cumul_in_min,1.0,1e-12,0.0,1.0,0.0,0.0,-1.0,0.21382636655948553,0.04662379421221865,0.5032154340836013,0.9244372990353698,0.9437299035369775,0.5263665594855306
167,cumul_in_diffs_median,1.0,1e-12,0.0,1.0,0.0,0.0,-1.0,0.21382636655948553,0.04662379421221865,0.5032154340836013,0.9244372990353698,0.9437299035369775,0.5263665594855306
168,cumul_in_diffs_p25,1.0,1e-12,0.0,1.0,0.0,0.0,-1.0,0.21382636655948553,0.04662379421221865,0.5032154340836013,0.9244372990353698,0.9437299035369775,0.5263665594855306
169,cumul_in_diffs_p50,1.0,1e-12,0.0,1.0,0.0,0.0,-1.0,0.21382636655948553,0.04662379421221865,0.5032154340836013,0.9244372990353698,0.9437299035369775,0.5263665594855306
170,cumul_out_min,1.0,1e-12,0.0,1.0,0.0,0.0,-1.0,0.21382636655948553,0.04662379421221865,0.5032154340836013,0.9244372990353698,0.9437299035369775,0.5263665594855306
171,cumul_out_diffs_median,1.0,1e-12,0.0,1.0,0.0,0.0,-1.0,0.21382636655948553,0.04662379421221865,0.5032154340836013,0.9244372990353698,0.9437299035369775,0.5263665594855306
172,cumul_out_diffs_p50,1.0,1e-12,0.0,1.0,0.0,0.0,-1.0,0.21382636655948553,0.04662379421221865,0.5032154340836013,0.9244372990353698,0.9437299035369775,0.5263665594855306
173,cumul_out_diffs_p75,1.0,1e-12,0.0,1.0,0.0,0.0,-1.0,0.21382636655948553,0.04662379421221865,0.5032154340836013,0.9244372990353698,0.9437299035369775,0.5263665594855306
174,cumul_out_diffs_p90,1.0,1e-12,0.0,1.0,0.0,0.0,-1.0,0.21382636655948553,0.04662379421221865,0.5032154340836013,0.9244372990353698,0.9437299035369775,0.5263665594855306
175,cumul_interp_in_min,1.0,1e-12,0.0,1.0,0.0,0.0,-1.0,0.21382636655948553,0.04662379421221865,0.5032154340836013,0.9244372990353698,0.9437299035369775,0.5263665594855306
176,cumul_interp_out_min,1.0,1e-12,0.0,1.0,0.0,0.0,-1.0,0.21382636655948553,0.04662379421221865,0.5032154340836013,0.9244372990353698,0.9437299035369775,0.5263665594855306
177,tam_1s_in_min,1.0,1e-12,0.0,1.0,0.0,0.0,-1.0,0.21382636655948553,0.04662379421221865,0.5032154340836013,0.9244372990353698,0.9437299035369775,0.5263665594855306
178,tam_1s_out_min,1.0,1e-12,0.0,1.0,0.0,0.0,-1.0,0.21382636655948553,0.04662379421221865,0.5032154340836013,0.9244372990353698,0.9437299035369775,0.5263665594855306
179,tam_2s_out_min,1.0,1e-12,0.0,1.0,0.0,0.0,-1.0,0.21382636655948553,0.04662379421221865,0.5032154340836013,0.9244372990353698,0.9437299035369775,0.5263665594855306
180,ngrams_2_unique,1.0,1e-12,0.0,1.0,0.0,0.0,-1.0,0.21382636655948553,0.04662379421221865,0.5032154340836013,0.9244372990353698,0.9437299035369775,0.5263665594855306
181,ngrams_3_unique,1.0,1e-12,0.0,1.0,0.0,0.0,-1.0,0.21382636655948553,0.04662379421221865,0.5032154340836013,0.9244372990353698,0.9437299035369775,0.5263665594855306
182,global_packet_count_90,1.0,475.9,88.4000000000002,5.383484162895854,0.07680184912796797,0.5512082370245851,0.879458041958042,0.5852090032154341,0.4758842443729904,0.5032154340836013,0.4180064308681672,0.6430868167202572,0.52508038585209
183,iat_mean,1.0,0.004225023517410999,0.0006084737795002005,6.943641045531636,0.06538506493233252,0.6434260314740143,0.8836101398601398,0.6816720257234726,0.4919614147909968,0.5032154340836013,0.45980707395498394,0.48231511254019294,0.5237942122186496
184,cumul_interp_out_slope_norm,1.0,6.48881617607254e-05,1.9599513152761955e-05,3.3107025641031713,0.08803198603258812,0.4393269328704237,0.8654283216783216,0.4405144694533762,0.44694533762057875,0.5032154340836013,0.37942122186495175,0.8392282958199357,0.5218649517684888
185,tam_3s_out_max,1.0,951.75,206.875,4.600604229607229,0.08458103493564487,0.5487785657998425,0.8858463459636802,0.5369774919614148,0.5112540192926045,0.5032154340836013,0.39228295819935693,0.6495176848874598,0.5186495176848874
186,pps_w10_std,1.0,77.94573407700176,23.0044884861246,3.388283730977638,0.11618203371681014,0.5083023525169423,0.8941960923454494,0.4533762057877814,0.572347266881029,0.5032154340836013,0.2958199356913183,0.7652733118971061,0.5180064308681672
187,burst_std,1.0,0.15791108304004042,0.08097984656846824,1.9500047200580581,0.1596296117456683,0.5678864960109997,0.9119755244755245,0.3504823151125402,0.9067524115755627,0.5032154340836013,0.2315112540192926,0.594855305466238,0.517363344051447
188,times_mean,1.0,2.091764997516684,0.857307057075448,2.4399250889756257,0.1861909718207722,0.5693514538149137,0.9093968531468531,0.3762057877813505,0.887459807073955,0.5032154340836013,0.19935691318327975,0.5916398713826366,0.5115755627009646
189,global_packet_count_75,1.0,215.375,39.4375,5.461172741679735,0.08821822402785838,0.948578061520604,0.9051552700015297,0.6045016077170418,0.8231511254019293,0.5032154340836013,0.3762057877813505,0.24437299035369775,0.510289389067524
190,times_median,1.0,2.229220598936081,0.8655162900686264,2.5755963515796467,0.1803287746531157,0.5286603566772409,0.9028409090909091,0.39228295819935693,0.7717041800643086,0.5032154340836013,0.20257234726688103,0.6816720257234726,0.510289389067524
191,tam_1s_in_std,1.0,79.9729318502492,14.682050843963495,5.4469864394404075,0.08445384051915063,0.5774871917605817,0.8725524475524475,0.6012861736334405,0.4565916398713826,0.5032154340836013,0.3954983922829582,0.5819935691318328,0.507717041800643
192,tam_1s_out_mean,1.0,93.2169188596491,20.009926470588226,4.658533803043214,0.07602050298930264,0.5798551411534907,0.8831293706293707,0.5434083601286174,0.4855305466237942,0.5032154340836013,0.4212218649517685,0.5755627009646302,0.5057877813504822
193,iat_std_out,1.0,0.03350573056984744,0.012306559947781112,2.7225910985113244,0.17014467536157818,0.6613726756846982,0.914729020979021,0.40514469453376206,0.9163987138263665,0.5032154340836013,0.21864951768488747,0.4758842443729904,0.5038585209003216
194,tam_4s_out_mean,1.0,354.80357142857144,76.4011904761905,4.643953441263943,0.07445434261076708,0.5945167513882599,0.883479020979021,0.5401929260450161,0.4887459807073955,0.5032154340836013,0.4340836012861736,0.5530546623794212,0.5038585209003215
195,times_std,1.0,0.8063530565985177,0.22098860708192558,3.6488444686921584,0.1256242940733052,0.4695013647630747,0.8743881118881118,0.4662379421221865,0.4630225080385852,0.5032154340836013,0.26688102893890675,0.8167202572347267,0.5032154340836013
196,cumul_interp_in_slope_norm,1.0,0.000107337065025798,3.139829804931285e-05,3.4185630520054255,0.09282965550534492,0.48764093282697374,0.8315122377622378,0.4565916398713826,0.40192926045016075,0.5032154340836013,0.3633440514469453,0.7909967845659164,0.5032154340836013
197,tam_2s_out_max,1.0,729.5,173.5,4.204610951008622,0.08636052090472926,0.5592871830020562,0.8765270222159062,0.5048231511254019,0.47266881028938906,0.5032154340836013,0.3858520900321543,0.6237942122186495,0.4980707395498392
198,pps_w1_max,1.0,713.0,168.25,4.237741456166394,0.13043478260869565,0.5116409537166902,0.8641797242072597,0.5080385852090032,0.4437299035369775,0.5032154340836013,0.2604501607717042,0.7588424437299035,0.494855305466238
199,burst_max,1.0,5.75,2.125,2.705882352939903,0.17391304347826086,0.6956521739130435,0.9289984851572473,0.40192926045016075,0.9356913183279743,0.5032154340836013,0.21543408360128619,0.3858520900321543,0.4884244372990354
200,max_burst_out,1.0,5.0,2.0,2.49999999999875,0.2,0.5600000000000002,0.9008647127073809,0.3858520900321543,0.7427652733118971,0.5032154340836013,0.1864951768488746,0.6205787781350482,0.4877813504823151
201,pps_w2_std,1.0,186.62992712803288,38.88642978289016,4.799358752398101,0.09431551732529152,0.5948771918659024,0.8735576923076922,0.5594855305466238,0.45980707395498394,0.5032154340836013,0.35691318327974275,0.5498392282958199,0.4858520900321544
202,tam_1s_in_max,1.0,272.75,58.25,4.682403433476314,0.09715857011915674,0.5668194317140238,0.8609517570052444,0.5466237942122186,0.42765273311897106,0.5032154340836013,0.3504823151125402,0.6012861736334405,0.4858520900321544
203,iat_mean_out,1.0,0.003415529613639175,0.0005815398309276998,5.873251368384019,0.08527048997503371,0.7930423840920385,0.8961101398601399,0.6270096463022508,0.5980707395498392,0.5032154340836013,0.3890675241157556,0.2829581993569132,0.480064308681672
204,burst_durations_skew,1.0,14.317640128824465,4.8586592081878806,2.9468294678279205,0.09288622457071422,0.566967793364925,0.8846590909090909,0.4115755627009646,0.5064308681672026,0.5032154340836013,0.36012861736334406,0.5980707395498392,0.4758842443729904
205,tam_2s_out_std,1.0,222.2208623844561,66.00021391334661,3.3669718506702457,0.09532396434802792,0.5626511863239666,0.8692307692307691,0.44694533762057875,0.45016077170418006,0.5032154340836013,0.3536977491961415,0.617363344051447,0.4742765273311897
206,tam_3s_out_std,1.0,324.7340979227008,83.1889879926818,3.9035707220198907,0.08912416627719226,0.5956570667490783,0.8760926573426573,0.4758842443729904,0.4694533762057878,0.5032154340836013,0.3729903536977492,0.5466237942122186,0.47363344051446943
207,burst_durations_kurtosis,1.0,1088.2032818601206,324.58016461178227,3.3526487459936893,0.09109755287053671,0.6122284650326869,0.8864947552447552,0.4437299035369775,0.5209003215434084,0.5032154340836013,0.3665594855305466,0.5209003215434084,0.4710610932475884
208,ngrams_4_top4_count,1.0,213.0,79.0,2.6962025316455356,0.11502347417840375,1.0779342723004697,0.9213453681418756,0.3987138263665595,0.9260450160771704,0.5032154340836013,0.3086816720257235,0.2057877813504823,0.4684887459807074
209,ngrams_2_entropy,1.0,0.038880188559022866,0.007575563165287846,5.132316595556131,0.08404910346931174,0.6210096172664629,0.7935314685314686,0.5787781350482315,0.33440514469453375,0.5032154340836013,0.3987138263665595,0.5144694533762058,0.4659163987138264
210,tam_1s_out_std,1.0,123.31590537066768,36.6179737559149,3.367633233686096,0.087010068016545,0.5877675558851684,0.8588723776223777,0.45016077170418006,0.42443729903536975,0.5032154340836013,0.38263665594855306,0.5691318327974276,0.4659163987138264
211,mean_burst_size_in,1.0,0.04191529546882933,0.009507481257204242,4.408664538008905,0.09919880132857703,0.5656974207827136,0.7990821678321678,0.5273311897106109,0.3440514469453376,0.5032154340836013,0.33440514469453375,0.6077170418006431,0.4633440514469454
212,ngrams_4_top5_count,1.0,128.5,56.5,2.2743362831858005,0.12062256809338522,0.9945525291828794,0.9239031853253326,0.36012861736334406,0.9292604501607717,0.5032154340836013,0.2765273311897106,0.2282958199356913,0.4594855305466238
213,burst_histogram_gt10,1.0,3.0,1.0,2.9999999999969997,0.16666666666666666,0.6000000000000002,0.8961209377063315,0.41961414790996787,0.6012861736334405,0.5032154340836013,0.22508038585209003,0.5401929260450161,0.4578778135048232
214,global_packet_count_25,1.0,9.0,3.96875,2.2677165354324993,0.2777777777777778,0.7555555555555556,0.9166612489912362,0.35691318327974275,0.9196141479099679,0.5032154340836013,0.15112540192926044,0.35691318327974275,0.457556270096463
215,pps_w1_std,1.0,202.23041301279184,49.217225026116665,4.1089357009761525,0.12530692635035034,0.5764237388514745,0.8630681818181818,0.4855305466237942,0.43729903536977494,0.5032154340836013,0.27009646302250806,0.5852090032154341,0.4562700964630226
216,cumul_in_kurtosis,1.0,0.024202697447216703,0.007644063446400784,3.1662083411207638,0.10475470308337022,0.5457318279612926,0.8003933566433566,0.43086816720257237,0.3504823151125402,0.5032154340836013,0.3215434083601286,0.6591639871382636,0.4530546623794212
217,last30_out_in_ratio,1.0,0.16483516483516492,0.1428571428571428,1.153846153838078,0.0,1.0,0.743967497120256,0.2958199356913183,0.3054662379421222,0.5032154340836013,0.9244372990353698,0.2202572347266881,0.4498392282958199
218,ngrams_4_topk_cumfrac,1.0,0.037228924389327345,0.010775319258080396,3.455018222124083,0.11577727569775245,0.5592528843455518,0.7924388111888112,0.4630225080385852,0.3311897106109325,0.5032154340836013,0.2990353697749196,0.6270096463022508,0.4446945337620579
219,iat_mean_in,1.0,0.0048844737223162245,0.0010343188185642877,4.72240631217929,0.07478650790281609,0.8256150039742359,0.8695804195804197,0.5530546623794212,0.4533762057877814,0.5032154340836013,0.42765273311897106,0.27009646302250806,0.4414790996784566
220,ngrams_3_topk_cumfrac,1.0,0.01900343846167074,0.004604868332107714,4.126814728890582,0.10462822797369938,0.6074568502766449,0.7963723776223776,0.4887459807073955,0.3408360128617363,0.5032154340836013,0.3247588424437299,0.5305466237942122,0.437620578778135
221,tam_1s_out_max,1.0,439.75,119.0,3.6953781512604733,0.12052302444570778,0.6310403638430928,0.8628123737088621,0.4694533762057878,0.4340836012861736,0.5032154340836013,0.2797427652733119,0.5016077170418006,0.437620578778135
222,iat_std_in,1.0,0.026996920397636105,0.014801004377777711,1.8239924606971536,0.16713293114643507,0.5940956901244758,0.8919143356643356,0.3408360128617363,0.5530546623794212,0.5032154340836013,0.22186495176848875,0.5562700964630225,0.435048231511254
223,tam_4s_out_min,1.0,12.75,7.375,1.7288135593217995,0.1568627450980392,0.5333333333333334,0.8107007151086689,0.33440514469453375,0.3729903536977492,0.5032154340836013,0.2379421221864952,0.6720257234726688,0.4241157556270096
224,burst_durations_mean,1.0,0.001724672118563825,0.00045901471201622527,3.757335156493908,0.10039469474188185,0.9121811970182724,0.8920454545454546,0.47266881028938906,0.5562700964630225,0.5032154340836013,0.3311897106109325,0.2508038585209003,0.4228295819935691
225,cumul_interp_in_kurtosis,1.0,0.023349171549110537,0.0077434996549787805,3.015325445398912,0.10606923521333735,0.633033810765675,0.8011800699300698,0.42765273311897106,0.3536977491961415,0.5032154340836013,0.3183279742765273,0.49517684887459806,0.4196141479099678
226,last30_in_total_ratio,1.0,0.03333333333333338,0.03333333333333327,0.9999999999700033,0.0,1.0,0.743967497120256,0.1414790996784566,0.3054662379421222,0.5032154340836013,0.9244372990353698,0.2202572347266881,0.4189710610932476
227,last30_out_total_ratio,1.0,0.033333333333333326,0.033333333333333326,0.99999999997,0.0,1.0,0.743967497120256,0.1382636655948553,0.3054662379421222,0.5032154340836013,0.9244372990353698,0.2202572347266881,0.4183279742765273
228,bytes_last10pct,1.0,0.0192018622775344,0.0031825837314624246,6.033419350974172,0.07477414017944999,1.3629714672987057,0.7292395104895104,0.6334405144694534,0.2765273311897106,0.5032154340836013,0.43086816720257237,0.17363344051446947,0.4035369774919614
229,burst_durations_std,1.0,0.023639767066037723,0.01250734191898896,1.890071225146341,0.1798240751585211,0.6053535067372541,0.8489947552447552,0.34726688102893893,0.4212218649517685,0.5032154340836013,0.2057877813504823,0.5337620578778135,0.4022508038585209
230,packets_last10pct,1.0,0.0223851837042691,0.004500054256272814,4.9744252901153425,0.08199723642593325,0.9833977690885644,0.7362762237762237,0.5755627009646302,0.28938906752411575,0.5032154340836013,0.40192926045016075,0.2315112540192926,0.4003215434083601
231,ngrams_2_top4_frac,1.0,0.012728151537692127,0.0037161741145680313,3.425068670590689,0.10106396013397445,0.7417885686573114,0.79375,0.45980707395498394,0.33762057877813506,0.5032154340836013,0.3279742765273312,0.36012861736334406,0.3977491961414791
232,concentration_10pct,1.0,0.0083330739820733,0.0019022469967351265,4.380647724504185,0.13318466780689964,0.8988441862869072,0.8416083916083916,0.5241157556270096,0.4115755627009646,0.5032154340836013,0.2572347266881029,0.2572347266881029,0.39067524115755625
233,tam_4s_in_min,1.0,9.75,5.25,1.8571428571425033,0.20512820512820512,0.5743589743589745,0.7837391935799305,0.3440514469453376,0.3279742765273312,0.5032154340836013,0.1832797427652733,0.5884244372990354,0.38938906752411573
234,iat_min,1.0,1e-12,0.0,1.0,0.0,476837.158203125,0.7235758170868096,0.21382636655948553,0.27009646302250806,0.5032154340836013,0.9244372990353698,0.01929260450160772,0.3861736334405145
235,iat_size_p90,1.0,0.006562376022338875,0.0016565471887588874,3.9614784673257857,0.10926225994202456,1.1026162051401274,0.8338723776223776,0.4790996784565916,0.40514469453376206,0.5032154340836013,0.31189710610932475,0.19614147909967847,0.37909967845659165
236,pps_w10_burst_count,1.0,1e-12,0.0,1.0,0.0,500000000000.0,0.6687939366831126,0.21382636655948553,0.24437299035369775,0.5032154340836013,0.9244372990353698,0.006430868167202572,0.37845659163987133
237,bytes_first10pct,1.0,0.0056564815523407,0.001321173024284564,4.2814085998481275,0.1182929585745776,1.280933109093762,0.830944055944056,0.5144694533762058,0.3987138263665595,0.5032154340836013,0.2861736334405145,0.18006430868167203,0.3765273311897106
238,burst_durations_var,1.0,0.0017054603708317496,0.0008226729587795249,2.0730721127491663,0.15802449130651045,0.7272393365830196,0.8482954545454545,0.3536977491961415,0.4180064308681672,0.5032154340836013,0.2347266881028939,0.3665594855305466,0.37524115755627013
239,cumul_interp_out_kurtosis,1.0,0.01211048314537333,0.004030759074145962,3.004516747241903,0.11526305525168236,0.7834280064810143,0.7993006993006992,0.42443729903536975,0.34726688102893893,0.5032154340836013,0.3054662379421222,0.28938906752411575,0.3739549839228296
240,cumul_out_kurtosis,1.0,0.012403499228955228,0.004158227066056508,2.9828816533906397,0.12065300364510986,0.773472885597847,0.802666083916084,0.41479099678456594,0.35691318327974275,0.5032154340836013,0.2733118971061093,0.2990353697749196,0.3694533762057878
241,first30_out_total_ratio,1.0,1e-12,0.0,1.0,0.0,9999999999.999989,0.015625000000000003,0.21382636655948553,0.10289389067524116,0.5032154340836013,0.9244372990353698,0.01607717041800643,0.35209003215434087
242,bytes_last25pct,1.0,0.11197802646371388,0.03942478528014426,2.840295151011761,0.10617537884739592,0.8619974378283077,0.7186625874125874,0.40836012861736337,0.26688102893890675,0.5032154340836013,0.31511254019292606,0.26366559485530544,0.3514469453376206
243,first30_in_total_ratio,1.0,1e-12,0.0,1.0,0.0,10000000000.000023,0.015625000000000003,0.21382636655948553,0.10289389067524116,0.5032154340836013,0.9244372990353698,0.012861736334405145,0.3514469453376206
244,ngrams_3_entropy,1.0,0.11517986969707739,0.04308970360822384,2.673025341311975,0.13439260725281654,0.7961721764590154,0.7736888111888112,0.3954983922829582,0.3247588424437299,0.5032154340836013,0.2540192926045016,0.2797427652733119,0.35144694533762055
245,sizes_p90,1.0,1e-12,0.0,1.0,0.0,724000000000000.0,0.1543103738075999,0.21382636655948553,0.10932475884244373,0.5032154340836013,0.9244372990353698,0.003215434083601286,0.3508038585209003
246,first30_out_in_ratio,1.0,1e-12,0.0,1.0,0.0,49450549450.54953,0.015625000000000003,0.21382636655948553,0.10289389067524116,0.5032154340836013,0.9244372990353698,0.00964630225080386,0.3508038585209003
247,burst_durations_p90,1.0,0.001210182905197175,0.0004902988672256378,2.468255555181586,0.17592040781146454,0.8058630285418419,0.808041958041958,0.37942122186495175,0.36012861736334406,0.5032154340836013,0.21221864951768488,0.2765273311897106,0.3463022508038585
248,packets_last25pct,1.0,0.10450840193727774,0.044338759534691574,2.357043882861701,0.11544401533124832,0.8130011774849402,0.7248688811188811,0.36977491961414793,0.2733118971061093,0.5032154340836013,0.3022508038585209,0.2733118971061093,0.3443729903536977
249,ngrams_4_entropy,1.0,0.18939857779458702,0.07484093042178586,2.530681763637231,0.13471159837549554,0.9118752839470737,0.7408653846153846,0.3890675241157556,0.2990353697749196,0.5032154340836013,0.2508038585209003,0.2540192926045016,0.33922829581993563
250,ngrams_3_top5_frac,1.0,0.007180072068376425,0.003118106804354724,2.3027024141848154,0.14018764276504084,0.8520513889121896,0.7396416083916083,0.3665594855305466,0.2958199356913183,0.5032154340836013,0.24437299035369775,0.26688102893890675,0.33536977491961417
251,cumul_interp_in_skew,1.0,0.01575567628784054,0.009309251543865787,1.6924750837278715,0.2065149848728113,0.9512877232205771,0.8426573426573426,0.3279742765273312,0.41479099678456594,0.5032154340836013,0.17684887459807075,0.24115755627009647,0.3327974276527331
252,iat_size_p75,1.0,0.0005656480789184499,0.0002469122409821374,2.290887136164642,0.1551106427819219,1.174773445732348,0.8091351148968694,0.3633440514469453,0.3633440514469453,0.5032154340836013,0.24115755627009647,0.1832797427652733,0.33086816720257234
253,burst_durations_prop_gt_1s,1.0,0.0004976944771506999,0.000203985093303775,2.4398570829373067,0.13929171242352115,1.1450525765428594,0.7595329199102786,0.3729903536977492,0.3215434083601286,0.5032154340836013,0.24758842443729903,0.19292604501607716,0.32765273311897103
254,cumul_in_skew,1.0,0.015414054875659696,0.009179353928362836,1.67920912454997,0.19631042541516802,1.0218885901234924,0.8350524475524476,0.3183279742765273,0.40836012861736337,0.5032154340836013,0.19292604501607716,0.21221864951768488,0.3270096463022508
255,global_packet_count_50,1.0,27.125,8.3125,3.2631578947364495,0.25806451612903225,2.2746543778801867,0.8640342733138766,0.43729903536977494,0.4405144694533762,0.5032154340836013,0.15434083601286175,0.0932475884244373,0.3257234726688103
256,cumul_interp_out_skew,1.0,0.009330712187694141,0.005226735179578813,1.7851893898058269,0.2060393644818497,1.0390296968579982,0.8204108391608391,0.33762057877813506,0.37942122186495175,0.5032154340836013,0.18006430868167203,0.2090032154340836,0.3218649517684887
257,tam_3s_out_min,1.0,3.0,2.125,1.4117647058816885,0.3333333333333333,0.9333333333333336,0.8245932191223846,0.3086816720257235,0.39228295819935693,0.5032154340836013,0.12861736334405144,0.24758842443729903,0.3160771704180064
258,cumul_out_skew,1.0,0.008801181452177988,0.005219921196309792,1.686075540127671,0.21817073032619125,1.0972762931640159,0.8117132867132867,0.3247588424437299,0.3762057877813505,0.5032154340836013,0.16720257234726688,0.19935691318327975,0.31414790996784564
259,burst_durations_entropy,1.0,0.08385790122856565,0.05721803378420044,1.4655851604997945,0.19928941832604405,0.7778975767998108,0.665777972027972,0.31189710610932475,0.24115755627009647,0.5032154340836013,0.18971061093247588,0.2958199356913183,0.30836012861736334
260,burst_durations_cv,1.0,3.7779333337995205,2.856348892579197,1.3226442132518474,0.23599782811495817,0.8735416391164044,0.7329108391608392,0.3054662379421222,0.2829581993569132,0.5032154340836013,0.1639871382636656,0.2604501607717042,0.3032154340836013
261,pps_w10_min,1.0,37.85,21.9375,1.725356125356047,0.17965653896961692,1.462351387054161,0.7382971285473012,0.3311897106109325,0.29260450160771706,0.5032154340836013,0.2090032154340836,0.16720257234726688,0.30064308681672025
262,sizes_kurtosis,1.0,0.23128270812780483,0.1575749448942496,1.4677632175696051,0.21037361576732286,1.15570156593133,0.729763986013986,0.31511254019292606,0.2797427652733119,0.5032154340836013,0.17363344051446947,0.1864951768488746,0.2916398713826367
263,pps_w5_min,1.0,1.549999999999999,1.4250000000000007,1.0877192982448494,0.3225806451612917,1.522580645161291,0.7539985407284193,0.29260450160771706,0.31189710610932475,0.5032154340836013,0.1414790996784566,0.15755627009646303,0.2813504823151125
264,tam_5s_out_min,1.0,6.5,6.0,1.0833333333331527,0.3076923076923077,1.4461538461538466,0.7049856384750519,0.28938906752411575,0.2540192926045016,0.5032154340836013,0.14790996784565916,0.17041800643086816,0.2729903536977492
265,ngrams_4_top3_frac,1.0,0.01914980397788868,0.01566377425988058,1.222553623344424,0.2502163863965195,1.5887958903980108,0.6513548951048952,0.3022508038585209,0.2282958199356913,0.5032154340836013,0.1607717041800643,0.1382636655948553,0.2665594855305466
266,ngrams_4_top1_frac,1.0,0.016315187715389423,0.013967571113521982,1.1680762232473363,0.31004386946468776,1.5534500206495525,0.6655157342657342,0.2990353697749196,0.2379421221864952,0.5032154340836013,0.14469453376205788,0.14790996784565916,0.2665594855305466
267,burst_durations_max,1.0,0.46583259105682373,0.49312448501586914,0.9446551635757616,0.34456674754144845,0.7836546274049075,0.70743006993007,0.13183279742765272,0.2604501607717042,0.5032154340836013,0.12218649517684887,0.2861736334405145,0.2607717041800643
268,ngrams_4_top2_frac,1.0,0.01862232023305249,0.01754216943024628,1.0615745279419226,0.3427618037000475,1.5435918302383813,0.5784090909090909,0.2829581993569132,0.21543408360128619,0.5032154340836013,0.12540192926045016,0.15112540192926044,0.25562700964630225
269,ngrams_3_top1_frac,1.0,0.011016605500221488,0.011544543636450966,0.9542694667014099,0.3497215735542989,0.9699349457975109,0.6632867132867133,0.13504823151125403,0.2347266881028939,0.5032154340836013,0.1189710610932476,0.2379421221864952,0.2459807073954984
270,sizes_mean,1.0,43.669153600141044,51.169846588842006,0.8534157616501942,0.21441073872467176,1.7742775555370878,0.7358391608391608,0.1157556270096463,0.2861736334405145,0.5032154340836013,0.17041800643086816,0.13183279742765272,0.2414790996784566
271,tam_3s_in_min,1.0,1.75,2.0,0.8749999999995625,0.5714285714285714,2.0,0.8283402476966146,0.12218649517684887,0.3954983922829582,0.5032154340836013,0.04501607717041801,0.1157556270096463,0.2363344051446945
272,ngrams_3_top4_frac,1.0,0.023116739337703113,0.026336263429454873,0.8777531937568354,0.3827643808519242,1.5110740078998937,0.7060314685314686,0.12540192926045016,0.2572347266881029,0.5032154340836013,0.11254019292604502,0.1607717041800643,0.2318327974276527
273,tam_5s_in_min,1.0,3.25,3.625,0.8965517241376837,0.46153846153846156,1.815384615384616,0.7169597009149036,0.12861736334405144,0.26366559485530544,0.5032154340836013,0.09003215434083602,0.12861736334405144,0.22282958199356911
274,burst_mean,1.0,0.031683099523628355,0.05154353231123432,0.6146862293352776,0.44126945535544915,1.5423278061149617,0.5239073426573426,0.09646302250803858,0.2090032154340836,0.5032154340836013,0.09967845659163987,0.15434083601286175,0.212540192926045
275,transition_rate,1.0,0.013081494571080876,0.022223826380138645,0.5886247645537376,0.4460230217202502,1.5758232868945634,0.5185314685314685,0.0932475884244373,0.2057877813504823,0.5032154340836013,0.09646302250803858,0.1414790996784566,0.2080385852090032
276,ngrams_2_top1_frac,1.0,0.008591989739379413,0.009820186699855682,0.8749314041687974,0.6090702249134635,1.5557348300149223,0.6357954545454545,0.1189710610932476,0.22186495176848875,0.5032154340836013,0.04180064308681672,0.14469453376205788,0.20610932475884244
277,ngrams_3_top2_frac,1.0,0.014732034625831836,0.018276765554049668,0.8060526126167624,0.46386846066722415,1.9124203618878495,0.48701923076923076,0.11254019292604502,0.19614147909967847,0.5032154340836013,0.08681672025723473,0.12218649517684887,0.20418006430868169
278,ngrams_2_top2_frac,1.0,0.006442860561666042,0.011047236371844071,0.5832101662551238,0.4527994732592555,1.5913362034167946,0.5110576923076923,0.08681672025723473,0.19935691318327975,0.5032154340836013,0.0932475884244373,0.13504823151125403,0.2035369774919614
279,ngrams_4_top4_frac,1.0,0.01927796751780647,0.02960006937764382,0.6512811598919883,0.40648338592881356,2.0577695704951444,0.5128496503496504,0.09967845659163987,0.20257234726688103,0.5032154340836013,0.10932475884244373,0.09967845659163987,0.20289389067524116
280,ngrams_3_top3_frac,1.0,0.014885674128958637,0.018937467663674934,0.7860435403792492,0.4179430605666616,2.0762744266326822,0.4424825174825175,0.10932475884244373,0.19292604501607716,0.5032154340836013,0.10610932475884244,0.09646302250803858,0.2016077170418006
281,entropy,1.0,0.00932259116548284,0.016701269104863914,0.5581965721520902,0.33128872282858557,1.9934720251762428,0.35087412587412586,0.04501607717041801,0.1832797427652733,0.5032154340836013,0.1382636655948553,0.1189710610932476,0.1977491961414791
282,cumul_out_diffs_std,1.0,0.0032527344026472838,0.005875169603371366,0.5536409366339171,0.33319555577221927,2.004023920524652,0.34558566433566434,0.04019292604501608,0.1752411575562701,0.5032154340836013,0.13504823151125403,0.11254019292604502,0.1932475884244373
283,time_to_first_response,1.0,0.020488440990447998,0.044340550899505615,0.46207005944561613,0.647235256982769,1.307977273454569,0.651791958041958,0.01607717041800643,0.2315112540192926,0.5032154340836013,0.03858520900321544,0.17684887459807075,0.1932475884244373
284,burst_durations_p75,1.0,1.719594001769998e-05,2.3394823074350036e-05,0.7350318157148922,1.2842287694955439,7.021837088387356,0.7544501874501118,0.1045016077170418,0.3167202572347267,0.5032154340836013,0.008038585209003215,0.027331189710610933,0.19196141479099676
285,burst_durations_iqr,1.0,1.719594001769998e-05,2.3394823074350036e-05,0.7350318157148922,1.2842287694955439,7.021837088387356,0.7544501874501118,0.1045016077170418,0.3167202572347267,0.5032154340836013,0.008038585209003215,0.027331189710610933,0.19196141479099676
286,cumul_in_diffs_std,1.0,0.0032527344026472838,0.005875169603371366,0.5536409366339171,0.3331955557722534,2.0040239205246593,0.34558566433566434,0.04019292604501608,0.1752411575562701,0.5032154340836013,0.13183279742765272,0.10932475884244373,0.19196141479099676
287,ratio_out_in,1.0,0.11740591194742112,0.20000786539871784,0.5870064745343097,0.4250693647082901,2.3646809748777295,0.2850961538461539,0.09003215434083602,0.1639871382636656,0.5032154340836013,0.10289389067524116,0.09003215434083602,0.190032154340836
288,tam_2s_in_min,1.0,1.0,1.0,0.9999999999989999,1.0,1.5,0.16433766813518422,0.14469453376205788,0.11254019292604502,0.5032154340836013,0.01607717041800643,0.1639871382636656,0.18810289389067522
289,sizes_skew,1.0,0.20813554566285136,0.429068474722169,0.48508701506709034,0.25456657593171045,2.5488560992153135,0.349256993006993,0.02572347266881029,0.18006430868167203,0.5032154340836013,0.15755627009646303,0.06430868167202572,0.18617363344051446
290,sizes_std,1.0,19.366229918451836,94.77254095772423,0.20434431453189006,0.18840838357158646,7.575220934553649,0.4143793706293706,0.003215434083601286,0.18971061093247588,0.5032154340836013,0.19614147909967847,0.022508038585209004,0.18295819935691318
291,time_to_first_big_burst,0.9774346793349169,1.2784817814826965,1.1998189091682434,1.0655622875354742,0.3813932020831386,0.97822688923425,0.6846153846153846,0.2861736334405145,0.2508038585209003,0.003215434083601286,0.1157556270096463,0.2347266881028939,0.17813504823151122
292,iat_max,1.0,0.1896798014640808,0.36624234914779663,0.5179078877822998,1.1220787235894554,1.8236037531357048,0.5996503496503497,0.028938906752411574,0.21864951768488747,0.5032154340836013,0.012861736334405145,0.12540192926045016,0.17781350482315111
293,ratio_out_total,1.0,0.015569895683985702,0.02721407111274854,0.5721266626704667,0.49782506898220596,2.4959023701767644,0.28006993006993003,0.06270096463022508,0.14308681672025725,0.5032154340836013,0.07556270096463022,0.08360128617363344,0.17363344051446944
294,ratio_in_total,1.0,0.015569895683985702,0.02721407111274854,0.5721266626704667,0.49782506898220596,2.4959023701767675,0.28006993006993003,0.06270096463022508,0.14308681672025725,0.5032154340836013,0.07556270096463022,0.08038585209003216,0.17299035369774918
295,cumul_out_slope,1.0,0.013258691576465642,0.024819677302766907,0.53420080423259,0.4669395711803844,2.634654106226699,0.291520979020979,0.03536977491961415,0.16881028938906753,0.5032154340836013,0.08360128617363344,0.04823151125401929,0.16784565916398714
296,iat_median,1.0,6.66081905365e-05,0.00011572241783138417,0.5755858822269597,0.8223713646526866,2.0044742729299676,0.27880191900286977,0.0819935691318328,0.12379421221864952,0.5032154340836013,0.024115755627009645,0.1045016077170418,0.167524115755627
297,iat_size_p50,1.0,6.66081905365e-05,0.00011572241783138417,0.5755858822269597,0.8223713646526866,2.0044742729299676,0.27880191900286977,0.0819935691318328,0.12379421221864952,0.5032154340836013,0.024115755627009645,0.1045016077170418,0.167524115755627
298,pps_w1_in_out,1.0,0.03855788396368298,0.0673861562065311,0.5721929567392915,0.5230450752568033,2.5997431547887215,0.2804632867132867,0.07234726688102894,0.1527331189710611,0.5032154340836013,0.05305466237942122,0.05627009646302251,0.167524115755627
299,pps_w2_in_out,1.0,0.03855788396368298,0.0673861562065311,0.5721929567392915,0.5230450752568033,2.5997431547887215,0.2804632867132867,0.07234726688102894,0.1527331189710611,0.5032154340836013,0.05305466237942122,0.05627009646302251,0.167524115755627
300,pps_w5_in_out,1.0,0.03855788396368298,0.0673861562065311,0.5721929567392915,0.5230450752568033,2.5997431547887215,0.2804632867132867,0.07234726688102894,0.1527331189710611,0.5032154340836013,0.05305466237942122,0.05627009646302251,0.167524115755627
301,pps_w10_in_out,1.0,0.03855788396368298,0.0673861562065311,0.5721929567392915,0.5230450752568033,2.5997431547887215,0.2804632867132867,0.07234726688102894,0.1527331189710611,0.5032154340836013,0.05305466237942122,0.05627009646302251,0.167524115755627
302,cumul_in_diffs_mean,1.0,0.015557097296150624,0.027232813701042857,0.5712629427999067,0.5005758146574004,2.503407281883992,0.28002622377622377,0.05627009646302251,0.13344051446945338,0.5032154340836013,0.06913183279742766,0.07556270096463022,0.167524115755627
303,cumul_in_pct_increasing,1.0,0.015557097296150624,0.027232813701042857,0.5712629427999067,0.5005758146574004,2.503407281883992,0.28002622377622377,0.05627009646302251,0.13344051446945338,0.5032154340836013,0.06913183279742766,0.07556270096463022,0.167524115755627
304,cumul_in_slope,1.0,0.013258691576465531,0.024819677302767018,0.5342008042325831,0.46693957118039253,2.634654106226742,0.291520979020979,0.03215434083601286,0.16881028938906753,0.5032154340836013,0.08038585209003216,0.04501607717041801,0.16591639871382635
305,cumul_out_diffs_mean,1.0,0.015557097296150513,0.027232813701042913,0.5712629427999014,0.5005758146574076,2.503407281884007,0.28002622377622377,0.04983922829581994,0.13344051446945338,0.5032154340836013,0.06270096463022508,0.06913183279742766,0.16366559485530546
306,cumul_out_pct_increasing,1.0,0.015557097296150513,0.027232813701042913,0.5712629427999014,0.5005758146574076,2.503407281884007,0.28002622377622377,0.04983922829581994,0.13344051446945338,0.5032154340836013,0.06270096463022508,0.06913183279742766,0.16366559485530546
307,ngrams_4_top5_frac,1.0,0.007436637632104975,0.01951991107978817,0.3809770239898399,0.6616903511092023,3.3638678011369287,0.3543269230769231,0.012861736334405145,0.1864951768488746,0.5032154340836013,0.03536977491961415,0.03536977491961415,0.15466237942122185
308,iat_size_p25,1.0,3.0994415283203125e-06,6.4373016357421875e-06,0.4814814066859485,0.7307692307692307,2.4230769230769225,0.21149951567703432,0.022508038585209004,0.1189710610932476,0.5032154340836013,0.028938906752411574,0.08681672025723473,0.15209003215434083
309,ngrams_2_top3_frac,1.0,0.013276491683474834,0.02805808883610733,0.47317875998440895,0.6676885494872611,2.6914600076599484,0.28138111888111883,0.01929260450160772,0.1607717041800643,0.5032154340836013,0.03215434083601286,0.04180064308681672,0.15144694533762057
310,pps_w2_min,1.0,0.25,0.8125,0.307692307691929,2.0,3.0,0.16657886020667614,0.00964630225080386,0.1157556270096463,0.5032154340836013,0.003215434083601286,0.03858520900321544,0.13408360128617364
311,mean_burst_size_out,1.0,0.04804425644780852,0.1804871666314194,0.26619209190454834,0.978867009519848,5.084254292658894,-0.017919580419580416,0.006430868167202572,0.09646302250803858,0.5032154340836013,0.01929260450160772,0.03215434083601286,0.1315112540192926
