origin,site_label,history_days,trajectory_norm,velocity_consistency_raw,velocity_consistency_clipped
ORIGIN14,0,14,1.4747063993386031,-0.6125572391324956,0.0
ORIGIN14,10,14,1.5218442102801335,-0.5421613270663446,0.0
ORIGIN14,102,14,3.24068357995842,-0.04082153059821232,0.0
ORIGIN14,104,14,1.6703354684907543,-0.6963350670689321,0.0
ORIGIN14,105,14,3.1430787951204375,-0.35772750773777123,0.0
ORIGIN14,106,14,3.657444571280985,-0.46659978640782257,0.0
ORIGIN14,107,14,3.9793228586434854,0.029394732911345044,0.029394732911345044
ORIGIN14,108,14,1.4826377422897719,-0.17965546391932255,0.0
ORIGIN14,109,14,2.0215456498210242,-0.2514868254138445,0.0
ORIGIN14,11,14,4.2776591788948855,-0.27766129568718856,0.0
ORIGIN14,110,14,4.237601570609887,-0.7977576264051823,0.0
ORIGIN14,113,14,1.3875609448163613,-0.2561056651579766,0.0
ORIGIN14,117,12,2.4059127074033384,-0.6528641605182813,0.0
ORIGIN14,12,14,1.1586300856125553,-0.2669929318890272,0.0
ORIGIN14,14,14,1.0174197179058129,-0.7859383675484217,0.0
ORIGIN14,18,14,1.576523924480165,-0.791071105761911,0.0
ORIGIN14,2,14,5.599585777715245,-0.06042885784089596,0.0
ORIGIN14,21,14,2.3355843422249905,-0.4335895859005901,0.0
ORIGIN14,24,14,1.689636926863005,-0.7014574972961608,0.0
ORIGIN14,25,14,1.789081121525375,-0.3424514916546375,0.0
ORIGIN14,27,14,3.0567557862421397,-0.35823421237286973,0.0
ORIGIN14,28,14,1.8329595593457317,-0.9040939402777712,0.0
ORIGIN14,29,14,2.4090914839968454,-0.414194582180521,0.0
ORIGIN14,31,14,1.7998064551800932,-0.3342566017521761,0.0
ORIGIN14,34,14,2.2232260422084216,-0.49828928062774114,0.0
ORIGIN14,35,14,2.299932541872266,-0.4608601253057483,0.0
ORIGIN14,36,14,2.627380884220453,-0.17051027581074238,0.0
ORIGIN14,37,14,1.954188801003203,-0.5586654797391393,0.0
ORIGIN14,39,14,1.8663837452943766,-0.3529834149085102,0.0
ORIGIN14,40,14,1.9241106899055171,-0.960994095325376,0.0
ORIGIN14,41,14,3.265169729375583,-0.46275012566230905,0.0
ORIGIN14,42,14,4.468048885545745,-0.33093473106538274,0.0
ORIGIN14,43,14,1.88979994964344,-0.8645869673793954,0.0
ORIGIN14,45,14,1.2422946446798875,-0.9178003952942068,0.0
ORIGIN14,46,14,4.737463668320491,0.032341337755518215,0.032341337755518215
ORIGIN14,47,14,1.50384652205055,-0.8740254463208718,0.0
ORIGIN14,48,14,3.909003247542988,-0.014180873812553651,0.0
ORIGIN14,50,14,1.5956614777453166,-0.7942224752661431,0.0
ORIGIN14,51,14,1.926256286290005,-0.8180966029765395,0.0
ORIGIN14,52,14,0.9049658770830431,-0.944907850178327,0.0
ORIGIN14,53,14,1.0222241922578423,-0.7721613963864857,0.0
ORIGIN14,54,14,1.441364044107939,-0.8493495189518399,0.0
ORIGIN14,55,14,1.22048521094192,-0.46660670152963835,0.0
ORIGIN14,57,14,5.8612930456602825,-0.26764210404613115,0.0
ORIGIN14,6,14,2.2700268592140134,-0.878086289459323,0.0
ORIGIN14,60,14,3.1918576936932554,-0.18896766954057315,0.0
ORIGIN14,61,14,2.4978176395404046,-0.4105565451953321,0.0
ORIGIN14,63,12,4.505232557988864,-0.3789018356296925,0.0
ORIGIN14,68,14,1.8226436418551692,-0.2841465851756948,0.0
ORIGIN14,7,14,0.9585323235394556,-0.613932885114351,0.0
ORIGIN14,71,14,6.086620010494203,-0.39185002487467685,0.0
ORIGIN14,72,14,1.384324248756976,-0.8757289202939235,0.0
ORIGIN14,76,14,3.7524565799232836,-0.03624676889641894,0.0
ORIGIN14,77,14,4.045765588292578,-0.5935789162573196,0.0
ORIGIN14,78,14,4.349986639528669,-0.33397744552996667,0.0
ORIGIN14,80,14,1.4959305921736619,-0.8124931738098482,0.0
ORIGIN14,81,14,2.2603252515897676,-0.6946129780993904,0.0
ORIGIN14,86,14,2.314550331364231,-0.573511549295822,0.0
ORIGIN14,89,14,2.5962015753500185,-0.5265041563545355,0.0
ORIGIN14,9,14,1.414837939825586,-0.5133550265328263,0.0
ORIGIN14,90,14,2.6848838192357416,-0.14653636347574772,0.0
ORIGIN14,92,14,2.9318701878339177,-0.6482126685943818,0.0
ORIGIN14,96,14,3.0902082742364287,-0.3937552402363955,0.0
ORIGIN14,97,8,2.352293413574369,-0.6553460391356456,0.0
ORIGIN14,98,14,1.3645918115708773,-0.1942386650660947,0.0
ORIGIN28,0,28,1.418241465477007,-0.4010569995809777,0.0
ORIGIN28,10,28,1.0580671956642207,-0.4447927898580915,0.0
ORIGIN28,102,28,2.8100767078964397,-0.3230492973935141,0.0
ORIGIN28,104,28,1.2563677165369185,-0.4958344773420232,0.0
ORIGIN28,105,26,2.2332088665781202,-0.6661827094421049,0.0
ORIGIN28,106,28,1.5034083470249369,-0.8756911958401533,0.0
ORIGIN28,107,28,1.3749637338954976,-0.8913332257228739,0.0
ORIGIN28,108,28,0.807120358725407,-0.5212247552563832,0.0
ORIGIN28,109,28,2.9045474099243136,0.04590114859590351,0.04590114859590351
ORIGIN28,11,28,1.0703646546106653,-0.546961106489882,0.0
ORIGIN28,110,28,2.9425523727723153,-0.6356843810889472,0.0
ORIGIN28,113,28,1.4154763856912935,0.018857505822571653,0.018857505822571653
ORIGIN28,117,26,1.9271765879850997,-0.7834960344877445,0.0
ORIGIN28,12,28,2.3269714832217208,-0.7099456054428253,0.0
ORIGIN28,14,28,1.5507070105695644,0.07695330590213172,0.07695330590213172
ORIGIN28,18,28,1.738020557182209,-0.07296947398759791,0.0
ORIGIN28,2,28,7.025953534631832,0.01725100948090713,0.01725100948090713
ORIGIN28,21,28,1.141853232364376,-0.4886375021537841,0.0
ORIGIN28,24,28,0.9975047050238296,-0.7707915404209211,0.0
ORIGIN28,25,28,0.9975537932655669,-0.3810264201389982,0.0
ORIGIN28,27,28,1.1255693222158945,-0.7651955057639032,0.0
ORIGIN28,28,28,9.112765136070454,0.3857199175450025,0.3857199175450025
ORIGIN28,29,28,3.977905133981605,0.14584862283599748,0.14584862283599748
ORIGIN28,31,28,1.2268186523216982,0.02963709103911405,0.02963709103911405
ORIGIN28,34,28,1.428193478160391,-0.42691725001929565,0.0
ORIGIN28,35,28,1.2338298624839437,-0.3626427751690827,0.0
ORIGIN28,36,28,0.939990108106682,-0.7433373145733935,0.0
ORIGIN28,37,28,1.4458705095865017,-0.32845494431223127,0.0
ORIGIN28,39,28,1.5853568439285928,-0.5226193006390498,0.0
ORIGIN28,40,28,1.1752237178869234,-0.8329855165479306,0.0
ORIGIN28,41,28,1.3872318394850744,-0.6386553283895239,0.0
ORIGIN28,42,28,3.800275732962799,-0.29646774601388165,0.0
ORIGIN28,43,28,2.0672603374174563,-0.31626954985135375,0.0
ORIGIN28,45,28,1.9210043963118795,-0.13158178756323635,0.0
ORIGIN28,46,28,2.365549178550299,-0.7448549378745584,0.0
ORIGIN28,47,28,1.5773810045730008,0.09903512159465973,0.09903512159465973
ORIGIN28,48,28,4.615910302517614,0.02081102335095898,0.02081102335095898
ORIGIN28,50,28,1.1506071082231784,-0.11916164914552126,0.0
ORIGIN28,51,28,1.3980490496956326,-0.5982453296224124,0.0
ORIGIN28,52,28,1.2768483808739115,0.03564647519462079,0.03564647519462079
ORIGIN28,53,28,1.0543622199407208,-0.4046820930088644,0.0
ORIGIN28,54,28,1.9075739688746982,-0.5710610879289825,0.0
ORIGIN28,55,28,1.6287013886483122,0.12959348049429525,0.12959348049429525
ORIGIN28,57,28,7.608575882454104,0.12330127894616853,0.12330127894616853
ORIGIN28,6,28,2.595794432852376,-0.19345922546980207,0.0
ORIGIN28,60,28,3.7549161929593446,0.5111243732186296,0.5111243732186296
ORIGIN28,61,28,2.7346886425638184,0.2097062025220235,0.2097062025220235
ORIGIN28,63,26,3.0659613633504903,0.33953373245096174,0.33953373245096174
ORIGIN28,68,28,1.4124428226610954,-0.29560301352238916,0.0
ORIGIN28,7,28,0.9422560268453218,-0.4055865243453766,0.0
ORIGIN28,71,28,19.01628977224825,0.2244064338952149,0.2244064338952149
ORIGIN28,72,28,1.1623049619302341,-0.19400798006590977,0.0
ORIGIN28,76,28,3.049770641578658,0.3600030492160618,0.3600030492160618
ORIGIN28,77,28,16.600926912999487,0.5437397408114283,0.5437397408114283
ORIGIN28,78,28,4.013090565828199,0.3455803774381898,0.3455803774381898
ORIGIN28,80,28,2.781799813983164,-0.02348868087699056,0.0
ORIGIN28,81,28,2.4359428216571466,-0.15346116648988725,0.0
ORIGIN28,86,28,1.3830505325393905,-0.2649905199070967,0.0
ORIGIN28,89,28,3.828759376848556,0.526840455399951,0.526840455399951
ORIGIN28,9,28,1.4548719135468364,0.032302026416052905,0.032302026416052905
ORIGIN28,90,28,1.9083777076202018,0.10966432078336075,0.10966432078336075
ORIGIN28,92,28,1.6715016262393676,-0.5092933983344641,0.0
ORIGIN28,96,28,2.707414099026624,0.3702256589188129,0.3702256589188129
ORIGIN28,97,22,2.73014291096501,0.15076091104069872,0.15076091104069872
ORIGIN28,98,28,1.8077491985056022,0.09068183610729572,0.09068183610729572
