candidate,method,beta,window,trajectory_accuracy,trajectory_macro_f1,trajectory_top5_accuracy,trajectory_mrr,trajectory_mean_true_rank,branch_accuracy,branch_macro_f1,branch_top5_accuracy,branch_mrr,branch_mean_true_rank,fusion_accuracy,fusion_macro_f1,fusion_top5_accuracy,fusion_mrr,fusion_mean_true_rank
RAY_DISTANCE_BETA0.10,RAY_DISTANCE,0.1,NEAR,0.21772277227722772,0.21157962119523765,0.5004950495049505,0.35805893923989546,10.91920792079208,0.6738613861386139,0.658316278289985,0.9212871287128713,0.7819357166462293,2.879207920792079,0.7828712871287129,0.7746557280081386,0.9481188118811881,0.8563150465476504,2.18
RAY_DISTANCE_BETA0.10,RAY_DISTANCE,0.1,MID,0.20178786661309764,0.19771130791754316,0.4766974688629972,0.3376978683028371,12.3048413017276,0.5703093611892326,0.5426930114028063,0.8551627159501808,0.6956822196714557,4.976998794696665,0.6683406990759341,0.6369675741011045,0.8675170751305745,0.7599504036748986,4.331659300924066
RAY_DISTANCE_BETA0.10,RAY_DISTANCE,0.1,FAR,0.20091231626964015,0.19635008567836365,0.4758236188545362,0.33794040057103564,12.248352762290928,0.5386720729853016,0.5115791706464322,0.8253421186011151,0.6670042422783643,5.27339077546883,0.6434870755195135,0.6112826322046603,0.8498732894069945,0.7392217397615759,4.542219969589458
RAY_DISTANCE_BETA0.25,RAY_DISTANCE,0.25,NEAR,0.21772277227722772,0.21157962119523765,0.5004950495049505,0.35805893923989546,10.91920792079208,0.6722772277227723,0.6581641174488784,0.9213861386138614,0.7809379855939803,2.8813861386138613,0.7825742574257426,0.774542903252497,0.9491089108910891,0.8564247070034541,2.1547524752475247
RAY_DISTANCE_BETA0.25,RAY_DISTANCE,0.25,MID,0.20178786661309764,0.19771130791754316,0.4766974688629972,0.3376978683028371,12.3048413017276,0.5728204098031338,0.5466199664559037,0.8551627159501808,0.6967877292686214,4.972679791080755,0.6667336279630374,0.6356168102985361,0.8659100040176778,0.7590000540767836,4.327541181197268
RAY_DISTANCE_BETA0.25,RAY_DISTANCE,0.25,FAR,0.20091231626964015,0.19635008567836365,0.4758236188545362,0.33794040057103564,12.248352762290928,0.5368474404460213,0.5108468476888542,0.8244298023314749,0.665925106608051,5.275012671059301,0.6442980233147491,0.6117180686959923,0.8507856056766345,0.73976124999388,4.539888494678155
RAY_DISTANCE_BETA0.40,RAY_DISTANCE,0.4,NEAR,0.21772277227722772,0.21157962119523765,0.5004950495049505,0.35805893923989546,10.91920792079208,0.6688118811881189,0.6548501489794546,0.920990099009901,0.7786893046525787,2.887920792079208,0.7801980198019802,0.7722783326287218,0.9498019801980198,0.8555793055141961,2.1403960396039605
RAY_DISTANCE_BETA0.40,RAY_DISTANCE,0.4,MID,0.20178786661309764,0.19771130791754316,0.4766974688629972,0.3376978683028371,12.3048413017276,0.5696062675773403,0.5438574681778834,0.8551627159501808,0.6950338615194229,4.970670952189634,0.6661309762957011,0.6351307897311664,0.8637002812374448,0.7583153757015649,4.308155885897951
RAY_DISTANCE_BETA0.40,RAY_DISTANCE,0.4,FAR,0.20091231626964015,0.19635008567836365,0.4758236188545362,0.33794040057103564,12.248352762290928,0.5359351241763811,0.5104957334105494,0.8234161175874303,0.6650346984223687,5.281702990369995,0.6429802331474911,0.6105140854780292,0.8516979219462747,0.7392834231326066,4.526305119107957
RAY_DIRECTIONAL_BETA0.10,RAY_DIRECTIONAL,0.1,NEAR,0.16287128712871288,0.1644735840888443,0.49237623762376237,0.3230507820164928,11.55920792079208,0.6736633663366337,0.6579800635004748,0.9215841584158416,0.7819027137146081,2.880891089108911,0.7827722772277228,0.774500328102633,0.9479207920792079,0.8562892388876072,2.1797029702970296
RAY_DIRECTIONAL_BETA0.10,RAY_DIRECTIONAL,0.1,MID,0.16733627963037365,0.17161475469571663,0.4691643230212937,0.3149065932755476,12.802229811169145,0.571213338690237,0.5433259886141156,0.8552631578947368,0.6962316569277767,4.971374045801527,0.6683406990759341,0.6371675259439321,0.8676175170751306,0.7599241607839997,4.3270389714744875
RAY_DIRECTIONAL_BETA0.10,RAY_DIRECTIONAL,0.1,FAR,0.16796756208819058,0.17289278396275418,0.46862645717181955,0.31527228149155245,12.960973137354284,0.5393816523061328,0.511976136922371,0.8248352762290928,0.6671362701278175,5.27227572225038,0.6438925494171313,0.6115969617802628,0.8500760263558034,0.7394899106461233,4.5372529143436395
RAY_DIRECTIONAL_BETA0.25,RAY_DIRECTIONAL,0.25,NEAR,0.16287128712871288,0.1644735840888443,0.49237623762376237,0.3230507820164928,11.55920792079208,0.6722772277227723,0.6581698817986413,0.920990099009901,0.781059951829155,2.8866336633663368,0.7827722772277228,0.7746799122754332,0.949009900990099,0.856557753535786,2.154851485148515
RAY_DIRECTIONAL_BETA0.25,RAY_DIRECTIONAL,0.25,MID,0.16733627963037365,0.17161475469571663,0.4691643230212937,0.3149065932755476,12.802229811169145,0.5726195259140217,0.5460938578638271,0.8544596223382884,0.6967147925613112,4.969666532744074,0.6667336279630374,0.6357151736284266,0.8659100040176778,0.7588889857307384,4.321313780634793
RAY_DIRECTIONAL_BETA0.25,RAY_DIRECTIONAL,0.25,FAR,0.16796756208819058,0.17289278396275418,0.46862645717181955,0.31527228149155245,12.960973137354284,0.5375570197668526,0.5113770097078332,0.8236188545362392,0.6660420554703842,5.278459199189053,0.6437911809427268,0.6112142733347089,0.850886974151039,0.7395260137143317,4.532792701469843
RAY_DIRECTIONAL_BETA0.40,RAY_DIRECTIONAL,0.4,NEAR,0.16287128712871288,0.1644735840888443,0.49237623762376237,0.3230507820164928,11.55920792079208,0.6700990099009901,0.6565051653433964,0.920990099009901,0.7793732883934523,2.901188118811881,0.780990099009901,0.7732089619541653,0.9497029702970297,0.8558413900771913,2.140792079207921
RAY_DIRECTIONAL_BETA0.40,RAY_DIRECTIONAL,0.4,MID,0.16733627963037365,0.17161475469571663,0.4691643230212937,0.3149065932755476,12.802229811169145,0.5717155484130173,0.546133803170045,0.8541582965046204,0.6955709720719557,4.971173161912414,0.666030534351145,0.6349349596908924,0.8647047006830052,0.7582134429557928,4.305845721173162
RAY_DIRECTIONAL_BETA0.40,RAY_DIRECTIONAL,0.4,FAR,0.16796756208819058,0.17289278396275418,0.46862645717181955,0.31527228149155245,12.960973137354284,0.5366447034972124,0.5113452687270182,0.82159148504815,0.6648439065081765,5.291941206284846,0.6431829700963001,0.6105138995452923,0.8517992904206791,0.7392635612932819,4.525392802838318
